true_value, predicted_value, model_used, inference_time, energy
3.0,11.268116533756256,lstm,0.06808018684387207,529051.0
6.0,11.779313161969185,lstm,0.005343437194824219,25513.0
3.0,14.934662729501722,lstm,0.005345821380615234,41015.0
17.0,13.656941056251526,lstm,0.0052258968353271484,35218.0
40.0,19.60776150226593,lstm,0.004987239837646484,25513.0
35.0,25.662530958652496,lstm,0.006285429000854492,46997.0
27.0,20.466090738773346,lstm,0.003450632095336914,19409.0
16.0,20.18805742263794,lstm,0.0038123130798339844,22583.0
13.0,15.261040627956389,lstm,0.004974365234375,31921.0
28.0,12.16445043683052,lstm,0.0031969547271728516,26306.0
9.0,18.968702852725983,lstm,0.0048754215240478516,31494.0
7.0,8.855671808123589,lstm,0.0200042724609375,158447.0
0.0,12.908760085701942,lstm,0.004238605499267578,22461.0
14.0,13.229333236813545,lstm,0.0046422481536865234,26795.0
23.0,22.18599021434784,lstm,0.00524592399597168,27405.0
11.0,19.860032200813293,lstm,0.004577159881591797,27405.0
14.0,12.57437914609909,lstm,0.005154132843017578,24231.0
12.0,15.249114856123922,lstm,0.0037424564361572266,24658.0
7.0,14.103175699710844,lstm,0.01958179473876953,159485.0
11.0,12.511090189218521,lstm,0.0036666393280029297,16663.0
13.0,15.321050584316252,lstm,0.0051763057708740234,30883.0
8.0,15.880290046334265,lstm,0.007673978805541992,44678.0
18.0,13.324403017759323,lstm,0.0056972503662109375,31799.0
4.0,18.132514134049416,lstm,0.004996299743652344,24292.0
3.0,10.701071843504906,lstm,0.005075216293334961,26916.0
5.0,12.266208976507187,lstm,0.0054759979248046875,33326.0
10.0,14.129176363348959,lstm,0.005020856857299805,40466.0
21.0,16.132112592458725,lstm,0.005056619644165039,31738.0
38.0,19.19972375035286,lstm,0.004882335662841797,26245.0
23.0,23.959989845752716,lstm,0.0034666061401367188,21484.0
0.0,16.45500585436821,lstm,0.00625920295715332,40161.0
7.0,8.96433312445879,lstm,0.004866123199462891,24536.0
1.0,11.231058463454247,lstm,0.0054585933685302734,30456.0
4.0,10.272353142499924,lstm,0.0035505294799804688,33325.0
18.0,15.47160744667053,lstm,0.003624439239501953,21302.0
26.0,21.554893255233765,lstm,0.005114555358886719,25573.0
20.0,19.244693219661713,lstm,0.005021810531616211,28565.0
0.0,15.635785460472105,lstm,0.0044574737548828125,31677.0
11.0,8.911425992846489,lstm,0.0032367706298828125,18494.0
11.0,14.419034868478773,lstm,0.004678010940551758,27649.0
17.0,14.569906890392302,lstm,0.005221128463745117,40161.0
6.0,17.704735323786736,lstm,0.003641366958618164,26489.0
12.0,11.775078624486923,lstm,0.0050754547119140625,28991.0
4.0,15.925638377666472,lstm,0.00507354736328125,26978.0
13.0,11.854755878448486,lstm,0.005426168441772461,28198.0
23.0,16.873259469866753,lstm,0.004120588302612305,30212.0
7.0,19.525426626205444,lstm,0.004550457000732422,40649.0
8.0,11.093201860785484,lstm,0.0052149295806884766,36865.0
1.0,13.271791487932205,lstm,0.003567934036254883,23986.0
13.0,10.974856093525887,lstm,0.002138376235961914,20508.0
8.0,17.847394198179245,lstm,0.0035283565521240234,23315.0
3.0,13.5863296687603,lstm,0.004933595657348633,26428.0
13.0,12.232330441474915,lstm,0.0035924911499023438,26672.0
26.0,17.025699466466904,lstm,0.0039217472076416016,22705.0
3.0,11.268116533756256,lstm,0.07874250411987305,618528.0
6.0,11.779313161969185,lstm,0.005007266998291016,24536.0
3.0,14.934662729501722,lstm,0.004166603088378906,30029.0
17.0,13.656941056251526,lstm,0.003963470458984375,22278.0
40.0,19.60776150226593,lstm,0.004883766174316406,26001.0
35.0,25.662530958652496,lstm,0.0051496028900146484,25757.0
27.0,20.466090738773346,lstm,0.01297140121459961,185180.0
16.0,20.18805742263794,lstm,0.002118349075317383,21972.0
13.0,15.261040627956389,lstm,0.005698442459106445,28015.0
28.0,12.16445043683052,lstm,0.004464626312255859,24597.0
9.0,18.968702852725983,lstm,0.004521369934082031,25879.0
7.0,8.855671808123589,lstm,0.004813671112060547,22216.0
0.0,12.908760085701942,lstm,0.005041599273681641,29419.0
14.0,13.229333236813545,lstm,0.00526881217956543,27100.0
23.0,22.18599021434784,lstm,0.004998445510864258,27832.0
11.0,19.860032200813293,lstm,0.004683017730712891,20386.0
14.0,12.57437914609909,lstm,0.0026845932006835938,17395.0
12.0,15.249114856123922,lstm,0.005353689193725586,41931.0
3.0,11.268116533756256,lstm,0.08212113380432129,660704.0
6.0,11.779313161969185,lstm,0.005120754241943359,32044.0
3.0,14.934662729501722,lstm,0.028954505920410156,291930.0
17.0,13.656941056251526,lstm,0.02332901954650879,238158.0
40.0,19.60776150226593,lstm,0.005426645278930664,24658.0
35.0,25.662530958652496,lstm,0.0057697296142578125,30456.0
27.0,20.466090738773346,lstm,0.004227876663208008,21912.0
16.0,20.18805742263794,lstm,0.0052947998046875,23499.0
13.0,15.261040627956389,lstm,0.005227088928222656,29724.0
28.0,12.16445043683052,lstm,0.0045092105865478516,20996.0
9.0,18.968702852725983,lstm,0.005288362503051758,33447.0
7.0,8.855671808123589,lstm,0.004973173141479492,23865.0
0.0,12.908760085701942,lstm,0.004291534423828125,30212.0
14.0,13.229333236813545,lstm,0.006209850311279297,67810.0
23.0,22.18599021434784,lstm,0.004834651947021484,31677.0
11.0,19.860032200813293,lstm,0.0039768218994140625,41198.0
14.0,12.57437914609909,lstm,0.0055654048919677734,31738.0
12.0,15.249114856123922,lstm,0.004255771636962891,22217.0
7.0,14.103175699710844,lstm,0.004695415496826172,27710.0
11.0,12.511090189218521,lstm,0.005624294281005859,57617.0
13.0,15.321050584316252,lstm,0.004958629608154297,25695.0
8.0,15.880290046334265,lstm,0.0025751590728759766,24963.0
18.0,13.324403017759323,lstm,0.003346681594848633,16907.0
4.0,18.132514134049416,lstm,0.005496978759765625,53528.0
3.0,10.701071843504906,lstm,0.0048389434814453125,29724.0
5.0,12.266208976507187,lstm,0.0021266937255859375,28137.0
10.0,14.129176363348959,lstm,0.0022134780883789062,9644.0
21.0,16.132112592458725,lstm,0.004883527755737305,29175.0
38.0,19.19972375035286,lstm,0.005032539367675781,30151.0
23.0,23.959989845752716,lstm,0.0049817562103271484,25940.0
0.0,16.45500585436821,lstm,0.005477428436279297,29297.0
7.0,8.96433312445879,lstm,0.004755973815917969,27710.0
1.0,11.231058463454247,lstm,0.004351139068603516,28747.0
4.0,10.272353142499924,lstm,0.004865169525146484,26306.0
18.0,15.47160744667053,lstm,0.004956245422363281,30335.0
26.0,21.554893255233765,lstm,0.0032918453216552734,31616.0
20.0,19.244693219661713,lstm,0.003743410110473633,21972.0
0.0,15.635785460472105,lstm,0.0047566890716552734,24902.0
11.0,8.911425992846489,lstm,0.0034880638122558594,32837.0
11.0,14.419034868478773,lstm,0.005255460739135742,26062.0
17.0,14.569906890392302,lstm,0.004984140396118164,27221.0
6.0,17.704735323786736,lstm,0.004723548889160156,25452.0
12.0,11.775078624486923,lstm,0.003760814666748047,26184.0
4.0,15.925638377666472,lstm,0.006230592727661133,49133.0
13.0,11.854755878448486,lstm,0.0038657188415527344,22522.0
23.0,16.873259469866753,lstm,0.003360748291015625,23377.0
7.0,19.525426626205444,lstm,0.005127429962158203,33386.0
8.0,11.093201860785484,lstm,0.0058917999267578125,46631.0
1.0,13.271791487932205,lstm,0.003267526626586914,21851.0
13.0,10.974856093525887,lstm,0.004599094390869141,29725.0
8.0,17.847394198179245,lstm,0.0027840137481689453,32715.0
3.0,13.5863296687603,lstm,0.006242275238037109,42785.0
13.0,12.232330441474915,lstm,0.004785776138305664,29175.0
26.0,17.025699466466904,lstm,0.004163026809692383,34668.0
11.0,20.490136742591858,lstm,0.005027294158935547,31982.0
16.0,12.192148715257645,lstm,0.00393223762512207,24536.0
16.0,15.770667046308516,lstm,0.005127668380737305,25024.0
14.0,15.310294926166533,lstm,0.004193782806396484,24292.0
17.0,14.617003127932547,lstm,0.004288196563720703,20508.0
3.0,16.337066888809204,lstm,0.003918886184692383,32959.0
0.0,10.16368679702282,lstm,0.0030527114868164062,16602.0
19.0,11.555281654000282,lstm,0.003518342971801758,19470.0
20.0,21.780281513929367,lstm,0.0039348602294921875,22095.0
22.0,16.931209713220596,lstm,0.005044221878051758,27344.0
4.0,17.588728666305542,lstm,0.00435638427734375,28869.0
15.0,10.102730244398117,lstm,0.005031108856201172,25268.0
3.0,16.097505390644073,lstm,0.0052144527435302734,29419.0
0.0,10.466084629297256,lstm,0.004685640335083008,32043.0
2.0,11.787917464971542,lstm,0.0038886070251464844,28016.0
20.0,14.585964381694792,lstm,0.0029304027557373047,31922.0
27.0,21.656057238578796,lstm,0.004540443420410156,25818.0
7.0,18.941089510917664,lstm,0.00442051887512207,49988.0
15.0,10.864301025867462,lstm,0.004716396331787109,25207.0
12.0,15.354581549763678,lstm,0.003409147262573242,23925.0
9.0,13.731162250041962,lstm,0.0030782222747802734,25025.0
15.0,13.190098106861115,lstm,0.0023446083068847656,21667.0
0.0,16.743479669094086,lstm,0.0053942203521728516,37414.0
11.0,9.806246683001518,lstm,0.006886720657348633,55481.0
1.0,17.112256586551666,lstm,0.004995584487915039,29602.0
0.0,11.355160921812057,lstm,0.004954099655151367,23804.0
5.0,12.611745670437813,lstm,0.037567853927612305,366026.0
13.0,15.191796049475668,lstm,0.0219573974609375,252380.0
6.0,16.979925334453583,lstm,0.004459381103515625,22095.0
7.0,12.268748134374619,lstm,0.00347900390625,21973.0
9.0,13.407853245735168,lstm,0.002812623977661133,21911.0
20.0,14.306657016277311,lstm,0.0047566890716552734,28015.0
17.0,18.563998863101006,lstm,0.004825592041015625,28625.0
1.0,15.35501182079315,lstm,0.004980802536010742,26428.0
1.0,9.56847220659256,lstm,0.0045528411865234375,22827.0
2.0,11.33374348282814,lstm,0.0027608871459960938,24170.0
17.0,13.449085503816605,lstm,0.005971670150756836,51879.0
23.0,20.20709663629532,lstm,0.0034668445587158203,29663.0
15.0,18.389474228024483,lstm,0.005335092544555664,24353.0
16.0,14.113602787256239,lstm,0.0047342777252197266,24414.0
15.0,15.313826501369475,lstm,0.002583026885986328,29175.0
3.0,14.776030182838438,lstm,0.0037398338317871094,26245.0
20.0,10.082962363958359,lstm,0.002986907958984375,28808.0
25.0,19.668138027191162,lstm,0.0049059391021728516,26490.0
12.0,19.186019897460938,lstm,0.004596233367919922,27526.0
5.0,12.896940484642982,lstm,0.00485992431640625,27710.0
16.0,11.388109624385834,lstm,0.004193544387817383,20813.0
22.0,17.44499020278454,lstm,0.004746675491333008,25635.0
7.0,18.6964463442564,lstm,0.02370905876159668,218506.0
22.0,11.227686703205109,lstm,0.004212856292724609,19043.0
27.0,19.74397301673889,lstm,0.005119800567626953,31677.0
10.0,19.462475180625916,lstm,0.00524139404296875,31433.0
5.0,11.88642606139183,lstm,0.002561330795288086,28137.0
8.0,11.116484552621841,lstm,0.005326271057128906,25024.0
1.0,13.893746584653853,lstm,0.005427122116088867,28198.0
17.0,11.965245008468628,lstm,0.004547595977783203,23132.0
21.0,20.963287353515625,lstm,0.005006551742553711,22888.0
4.0,17.77547299861908,lstm,0.0031549930572509766,24475.0
7.0,10.347842797636986,lstm,0.0058515071868896484,51025.0
2.0,13.210245966911316,lstm,0.005948781967163086,44617.0
5.0,11.690597981214523,lstm,0.00450897216796875,26794.0
25.0,14.406066387891768,lstm,0.0049762725830078125,26917.0
19.0,22.649451345205307,lstm,0.005259275436401367,22522.0
8.0,15.05128853023052,lstm,0.004837751388549805,26001.0
6.0,12.02552542090416,lstm,0.004424095153808594,45959.0
5.0,11.991776525974274,lstm,0.0659339427947998,759886.0
21.0,12.585899233818054,lstm,0.0051271915435791016,25208.0
21.0,20.704038441181183,lstm,0.005152225494384766,26428.0
17.0,17.035456001758575,lstm,0.004291057586669922,22766.0
11.0,15.444537252187727,lstm,0.004426240921020508,20630.0
9.0,13.19219246506691,lstm,0.0032320022583007812,16845.0
3.0,13.007500022649765,lstm,0.004281759262084961,19348.0
6.0,11.352141201496124,lstm,0.00506138801574707,24658.0
8.0,14.71932604908943,lstm,0.003999948501586914,28076.0
1.0,15.636292845010756,lstm,0.00500035285949707,25757.0
3.0,12.023288011550903,lstm,0.005095958709716797,30396.0
10.0,13.652503117918968,lstm,0.006918430328369141,46997.0
11.0,16.08124002814293,lstm,0.0035784244537353516,22644.0
0.0,14.824023842811583,lstm,0.0033621788024902344,18066.0
13.0,10.349706932902336,lstm,0.0031692981719970703,31250.0
0.0,16.888094320893288,lstm,0.0055027008056640625,29785.0
10.0,10.28861179947853,lstm,0.0033304691314697266,18006.0
1.0,15.96473380923271,lstm,0.0035657882690429688,25879.0
25.0,11.314254999160767,lstm,0.004717588424682617,26856.0
15.0,22.342640161514282,lstm,0.0029883384704589844,26245.0
2.0,13.553106039762497,lstm,0.004950523376464844,24781.0
5.0,10.161194577813148,lstm,0.0037615299224853516,29419.0
6.0,12.670614570379257,lstm,0.0036611557006835938,22766.0
1.0,13.955423980951307,lstm,0.004910469055175781,32532.0
4.0,12.348785251379013,lstm,0.004587411880493164,21118.0
3.0,14.584359526634215,lstm,0.00344085693359375,28931.0
2.0,13.480860739946365,lstm,0.004650592803955078,24903.0
11.0,12.887955084443092,lstm,0.00545191764831543,24963.0
25.0,16.238560527563095,lstm,0.003559112548828125,29907.0
1.0,20.076146721839905,lstm,0.003968000411987305,29602.0
3.0,8.758428320288658,lstm,0.005077838897705078,28992.0
4.0,11.563275754451752,lstm,0.0029823780059814453,22950.0
1.0,13.111236691474915,lstm,0.003328561782836914,23621.0
17.0,12.644277513027191,lstm,0.0029850006103515625,21972.0
8.0,19.911856949329376,lstm,0.004239559173583984,34485.0
4.0,12.408052012324333,lstm,0.004431486129760742,25513.0
14.0,11.979714408516884,lstm,0.004524707794189453,25818.0
17.0,16.67977273464203,lstm,0.004801034927368164,23072.0
32.0,16.465914621949196,lstm,0.0035026073455810547,29419.0
26.0,22.3425954580307,lstm,0.0051727294921875,30395.0
0.0,17.832836508750916,lstm,0.0045490264892578125,25451.0
14.0,8.630034327507019,lstm,0.005310535430908203,28626.0
19.0,14.776621386408804,lstm,0.004583120346069336,26978.0
14.0,17.175281792879105,lstm,0.004999876022338867,26855.0
2.0,14.53331261873245,lstm,0.003840208053588867,20996.0
4.0,10.56538112461567,lstm,0.005206108093261719,23254.0
11.0,14.088030159473417,lstm,0.005321502685546875,28564.0
11.0,17.391487956047058,lstm,0.004208564758300781,22949.0
18.0,15.218038111925123,lstm,0.0073239803314208984,62012.0
17.0,17.548061907291412,lstm,0.004197359085083008,24536.0
31.000000000000004,15.676978603005407,lstm,0.0043792724609375,22399.0
42.0,21.744688600301743,lstm,0.004328250885009766,36377.0
12.0,25.21672546863556,lstm,0.0058710575103759766,28870.0
13.0,13.484350964426994,lstm,0.0063440799713134766,62378.0
7.0,12.942635267972946,lstm,0.0038073062896728516,33508.0
0.0,9.602933004498482,lstm,0.005210399627685547,40710.0
5.0,9.178757295012474,lstm,0.005700588226318359,35095.0
12.0,17.18945950269699,lstm,0.0035169124603271484,25818.0
7.0,19.76618617773056,lstm,0.0038661956787109375,22461.0
6.0,13.537231832742691,lstm,0.005361318588256836,32653.0
24.0,13.258925825357437,lstm,0.0040285587310791016,21118.0
26.0,20.610693097114563,lstm,0.0052564144134521484,25391.0
4.0,18.298614397644997,lstm,0.004363298416137695,27587.0
7.0,9.999747946858406,lstm,0.005167722702026367,33264.0
8.0,12.296677753329277,lstm,0.0032117366790771484,17945.0
13.0,13.637413457036018,lstm,0.0038423538208007812,19959.0
0.0,16.64588525891304,lstm,0.00487971305847168,24780.0
4.0,10.480279102921486,lstm,0.003148794174194336,21667.0
8.0,14.395046979188917,lstm,0.0037059783935546875,25085.0
1.0,15.592011809349058,lstm,0.006740093231201172,49317.0
11.0,11.704510822892189,lstm,0.005240201950073242,28137.0
11.0,16.45079031586647,lstm,0.0039882659912109375,25513.0
4.0,14.712874218821524,lstm,0.0052890777587890625,30029.0
17.0,11.75062246620655,lstm,0.0027434825897216797,28809.0
25.0,17.856939509510994,lstm,0.0047817230224609375,24291.0
4.0,19.202642887830734,lstm,0.002742290496826172,27771.0
19.0,9.862066805362701,lstm,0.004584074020385742,27161.0
9.0,17.794226109981537,lstm,0.0033502578735351562,21057.0
7.0,12.179407104849815,lstm,0.0026464462280273438,13366.0
12.0,12.968717515468597,lstm,0.004187345504760742,21606.0
46.0,16.052495688199997,lstm,0.0028128623962402344,26550.0
56.0,31.081277132034298,lstm,0.00525665283203125,31494.0
36.0,28.73291820287704,lstm,0.0044825077056884766,26611.0
33.0,26.53549388051033,lstm,0.0043163299560546875,23681.0
29.0,26.073845475912094,lstm,0.007145404815673828,60302.0
14.0,22.511062771081924,lstm,0.003789186477661133,28564.0
11.0,12.946110963821411,lstm,0.005010843276977539,25025.0
4.0,7.7899731695652,lstm,0.005261421203613281,29968.0
6.0,4.589204862713814,lstm,0.0021505355834960938,22766.0
8.0,12.624963372945786,lstm,0.0029578208923339844,19165.0
6.0,23.34541529417038,lstm,0.004771709442138672,24658.0
21.0,17.106079682707787,lstm,0.0028672218322753906,28625.0
9.0,20.36886066198349,lstm,0.0055582523345947266,27649.0
7.0,11.919784918427467,lstm,0.004685640335083008,31372.0
12.0,12.74184063076973,lstm,0.004721879959106445,24842.0
22.0,15.353569015860556,lstm,0.0023431777954101562,21912.0
1.0,19.134454429149628,lstm,0.004627704620361328,27099.0
9.0,8.98129865527153,lstm,0.004510402679443359,23865.0
7.0,14.731736853718756,lstm,0.005026340484619141,30335.0
20.0,13.709957152605057,lstm,0.005327463150024414,24780.0
6.0,19.6624293923378,lstm,0.005267620086669922,24109.0
3.0,11.149878054857254,lstm,0.004449129104614258,27832.0
5.0,11.899633705615997,lstm,0.004727363586425781,28137.0
0.0,13.791470602154732,lstm,0.004430294036865234,30274.0
6.0,12.084878236055374,lstm,0.005387783050537109,29297.0
13.0,15.45509174466133,lstm,0.00487828254699707,31800.0
30.0,16.88823625445366,lstm,0.004873037338256836,26001.0
4.0,21.769121289253235,lstm,0.003396272659301758,23132.0
18.0,9.33297872543335,lstm,0.005362987518310547,25818.0
10.0,16.810908168554306,lstm,0.0043773651123046875,33997.0
0.0,12.593597173690796,lstm,0.004693269729614258,27282.0
0.0,9.817926585674286,lstm,0.00427699089050293,24597.0
9.0,12.417661026120186,lstm,0.004106044769287109,21240.0
0.0,17.783159762620926,lstm,0.004441738128662109,31494.0
13.0,11.659016087651253,lstm,0.004642963409423828,25940.0
0.0,17.51376762986183,lstm,0.004734992980957031,25512.0
14.0,10.264213755726814,lstm,0.0040683746337890625,21240.0
12.0,17.21418835222721,lstm,0.0033669471740722656,19958.0
14.0,14.456842839717863,lstm,0.00470280647277832,21058.0
6.0,15.331117808818815,lstm,0.005455493927001953,34973.0
21.0,11.896830797195435,lstm,0.0041239261627197266,22644.0
1.0,26.981721723160096,svm,0.12649941444396973,1370724.0
3.0,13.660736286066756,svm,0.0007557868957519531,7629.0
28.0,17.37959537112753,svm,0.0016443729400634766,10376.0
40.0,26.257645640267068,svm,0.001953601837158203,14404.0
7.0,23.65766242146492,lstm,0.003445148468017578,32287.0
15.0,10.845179110765457,lstm,0.005429983139038086,30151.0
4.0,14.634828642010687,lstm,0.005136251449584961,25513.0
7.0,9.564978629350662,lstm,0.005524873733520508,26245.0
0.0,13.21118026971817,lstm,0.003595590591430664,17517.0
11.0,12.014400959014893,lstm,0.0048863887786865234,25573.0
2.0,19.37514692544937,lstm,0.0046274662017822266,26306.0
8.0,11.987652629613876,lstm,0.0047528743743896484,27100.0
35.0,15.053642168641089,lstm,0.004858970642089844,23743.0
51.0,25.19007995724678,lstm,0.0049288272857666016,25940.0
29.0,27.324678003787994,lstm,0.0050542354583740234,28321.0
25.0,21.02333754301071,lstm,0.02558732032775879,189818.0
5.0,20.594438910484314,lstm,0.0030851364135742188,23559.0
3.0,10.385307669639587,lstm,0.004637718200683594,26855.0
19.0,6.0472531244158745,lstm,0.004778861999511719,59448.0
10.0,16.69187843799591,lstm,0.012419462203979492,109436.0
12.0,13.04059512913227,lstm,0.0049135684967041016,25940.0
2.0,19.02788132429123,lstm,0.0038957595825195312,22033.0
1.0,12.433726340532303,lstm,0.004809856414794922,24780.0
9.0,13.214895129203796,lstm,0.005089998245239258,28076.0
5.0,16.694674640893936,lstm,0.005377769470214844,41748.0
6.0,13.255459070205688,lstm,0.0035974979400634766,22339.0
4.0,13.934160768985747,lstm,0.005349874496459961,29358.0
2.0,12.908997014164925,lstm,0.005590677261352539,45899.0
5.0,12.439137697219849,lstm,0.005404949188232422,39978.0
5.0,14.101970940828322,lstm,0.006849765777587891,47912.0
4.0,13.668916001915932,lstm,0.005211830139160156,23376.0
6.0,18.528367738149967,svm,0.002051830291748047,18067.0
23.0,19.706497100796526,svm,0.001577615737915039,10437.0
9.0,27.97592968374303,svm,0.0027425289154052734,24963.0
13.0,19.332759546177712,svm,0.0011866092681884766,7874.0
4.0,14.86329026520252,lstm,0.0047991275787353516,38940.0
16.0,11.115116626024246,lstm,0.006059885025024414,47364.0
1.0,17.612070590257645,lstm,0.00574946403503418,42419.0
8.0,9.992094710469246,lstm,0.004725217819213867,26672.0
0.0,15.298805013298987,lstm,0.004304647445678711,25207.0
8.0,11.538561433553696,lstm,0.005827426910400391,46021.0
9.0,16.02236106991768,lstm,0.003828763961791992,27404.0
13.0,14.797476679086683,lstm,0.0052051544189453125,28809.0
1.0,15.69901295006275,lstm,0.004067182540893555,25574.0
10.0,10.387105867266655,lstm,0.004387378692626953,36560.0
0.0,15.42932130396366,lstm,0.007333040237426758,58227.0
2.0,10.80794557929039,lstm,0.005285739898681641,29663.0
12.0,13.240912556648254,lstm,0.0064547061920166016,47852.0
15.0,17.37438328564167,lstm,0.0035965442657470703,36865.0
18.0,16.097930073738098,lstm,0.006970643997192383,42786.0
4.0,16.363004967570305,lstm,0.003957986831665039,33509.0
11.0,10.576394945383072,lstm,0.005398273468017578,42480.0
0.0,14.757509529590605,lstm,0.024662017822265625,213684.0
13.0,10.257062315940857,lstm,0.009068012237548828,71167.0
9.0,17.840224876999855,lstm,0.005781412124633789,31616.0
3.0,13.945736736059187,lstm,0.005632162094116211,30518.0
15.0,11.992044746875763,lstm,0.007378101348876953,58899.0
11.0,17.6704254001379,lstm,0.009171247482299805,77819.0
4.0,13.938785344362257,lstm,0.004404306411743164,52246.0
4.0,11.69440783560276,lstm,0.004437923431396484,23132.0
1.0,12.850116938352585,lstm,0.0045642852783203125,31494.0
8.0,12.36213594675064,lstm,0.0036773681640625,31739.0
21.0,15.991491079330443,lstm,0.004874229431152344,32959.0
23.0,19.60414946079254,lstm,0.0042896270751953125,26612.0
28.0,17.376668751239777,lstm,0.0059947967529296875,40283.0
22.0,19.51897144317627,lstm,0.004251241683959961,30395.0
15.0,16.880106925964355,lstm,0.0034780502319335938,28076.0
9.0,14.208104833960531,lstm,0.0048313140869140625,42542.0
4.0,11.412875354290009,lstm,0.00462794303894043,31739.0
4.0,10.411367565393448,lstm,0.005268573760986328,58960.0
1.0,13.739828020334244,lstm,0.020163536071777344,221191.0
7.0,14.387357980012892,lstm,0.007123231887817383,56885.0
0.0,17.031151056289673,lstm,0.004541635513305664,25756.0
13.0,11.83626763522625,lstm,0.00413823127746582,21057.0
13.0,17.335322499275208,lstm,0.005803585052490234,50293.0
16.0,14.917706698179243,lstm,0.0032966136932373047,21118.0
5.0,15.82214757800102,lstm,0.004992008209228516,25878.0
17.0,11.192851513624191,lstm,0.004525423049926758,29480.0
19.0,17.33860820531845,lstm,0.004433393478393555,24720.0
18.0,16.776030510663986,lstm,0.005199909210205078,23559.0
11.0,16.054559871554375,lstm,0.0050694942474365234,26550.0
4.0,13.14123272895813,lstm,0.005006313323974609,26612.0
7.0,11.11643984913826,lstm,0.004774808883666992,27404.0
8.0,14.158129692077635,lstm,0.005430698394775391,29846.0
1.0,15.03598317503929,lstm,0.01666545867919922,135498.0
7.0,12.081336602568626,lstm,0.004876136779785156,27588.0
7.0,15.623795986175535,lstm,0.0053539276123046875,33386.0
13.0,14.248828589916227,lstm,0.0035305023193359375,23620.0
3.0,16.10208973288536,lstm,0.004709959030151367,26551.0
2.0,11.16115003824234,lstm,0.0041425228118896484,24292.0
14.0,12.11359016597271,lstm,0.0030586719512939453,30701.0
10.0,17.691004648804665,lstm,0.004194498062133789,33447.0
0.0,13.821326941251755,lstm,0.004975080490112305,39978.0
2.0,10.464022681117058,lstm,0.007169485092163086,51148.0
10.0,12.834113091230392,lstm,0.011853218078613281,112670.0
6.0,16.454438120126724,lstm,0.0037441253662109375,21301.0
14.0,13.181746378540993,lstm,0.0030181407928466797,24719.0
32.0,16.567587107419968,lstm,0.004866600036621094,33997.0
31.000000000000004,22.62788861989975,lstm,0.004667043685913086,22766.0
19.0,19.58468332886696,lstm,0.004075765609741211,32715.0
6.0,16.059279441833496,lstm,0.0037775039672851562,19531.0
13.0,10.546033456921577,lstm,0.0022008419036865234,16846.0
25.0,13.535872846841812,lstm,0.0035262107849121094,24109.0
14.0,20.071658492088318,lstm,0.005511760711669922,27893.0
3.0,13.200391083955765,lstm,0.0037724971771240234,31433.0
8.0,10.868927836418152,lstm,0.004754781723022461,25757.0
11.0,15.565252304077147,lstm,0.0054285526275634766,25208.0
6.0,16.460110992193222,lstm,0.004840373992919922,19714.0
1.0,13.324438780546188,lstm,0.006563901901245117,52795.0
6.0,12.097054347395897,lstm,0.005898475646972656,42419.0
4.0,15.127205103635786,lstm,0.003457307815551758,28992.0
3.0,11.268116533756256,lstm,0.06169557571411133,531371.0
6.0,11.779313161969185,lstm,0.005673646926879883,26489.0
3.0,14.934662729501722,lstm,0.0049343109130859375,32104.0
17.0,13.656941056251526,lstm,0.011583328247070312,116455.0
40.0,19.60776150226593,lstm,0.02335047721862793,253052.0
35.0,25.662530958652496,lstm,0.005224943161010742,32470.0
27.0,20.466090738773346,lstm,0.005122184753417969,25391.0
16.0,20.18805742263794,lstm,0.0050160884857177734,25146.0
13.0,15.261040627956389,lstm,0.004037618637084961,25513.0
28.0,18.54136501984303,svm,0.07804203033447266,536376.0
9.0,21.971922092389928,svm,0.0013589859008789062,11353.0
7.0,12.886207776521914,svm,0.0016279220581054688,10376.0
0.0,12.856548834169658,svm,0.0016949176788330078,11414.0
14.0,13.531268144312227,svm,0.0017921924591064453,4822.0
23.0,26.43042722301973,svm,0.002312183380126953,12146.0
11.0,23.965071695951067,svm,0.0018146038055419922,4883.0
14.0,20.153755024953806,svm,0.002134561538696289,6165.0
12.0,18.89256614009196,svm,0.0014493465423583984,5371.0
7.0,22.216319418791816,svm,0.002071857452392578,10864.0
11.0,19.646822815170065,svm,0.0018227100372314453,10864.0
13.0,17.605490932538146,svm,0.0017735958099365234,9216.0
8.0,20.71500294968903,svm,0.0018274784088134766,8973.0
18.0,17.70052656799039,svm,0.0017838478088378906,9644.0
4.0,22.973954382545056,svm,0.0018448829650878906,10131.0
3.0,17.37501479804478,svm,0.0015599727630615234,9338.0
5.0,17.293846718616685,svm,0.0016796588897705078,47119.0
10.0,17.489415048348384,svm,0.0017075538635253906,10131.0
21.0,23.10423601807835,svm,0.0019168853759765625,11414.0
38.0,23.30064285626349,svm,0.0017771720886230469,5799.0
23.0,31.950111557099202,svm,0.0008649826049804688,7568.0
0.0,22.15656360322667,svm,0.001705169677734375,11841.0
7.0,11.845827023949184,svm,0.0012922286987304688,8912.0
1.0,17.106803357381704,svm,0.001886606216430664,11047.0
4.0,16.89055986519787,svm,0.0019228458404541016,12879.0
18.0,15.086573719956965,svm,0.0009696483612060547,2380.0
26.0,20.363644847620368,svm,0.0011355876922607422,7202.0
20.0,28.6179352249238,svm,0.00148773193359375,11353.0
0.0,23.05316362748647,svm,0.0014297962188720703,6897.0
11.0,15.052460436858736,svm,0.0016074180603027344,16663.0
11.0,21.2391361578486,svm,0.0008337497711181641,0.0
17.0,20.33876049605696,svm,0.0010476112365722656,17944.0
6.0,21.619608099208513,svm,0.002328157424926758,32532.0
12.0,12.790789200863983,svm,0.0007889270782470703,10620.0
4.0,22.073474880162053,svm,0.0010395050048828125,6714.0
13.0,17.20189293178395,svm,0.002375364303588867,28991.0
23.0,24.16852549559387,svm,0.0008635520935058594,8423.0
7.0,23.52434663876025,svm,0.0008895397186279297,0.0
8.0,18.23573724910227,svm,0.0015947818756103516,16724.0
1.0,16.44032090031383,svm,0.0013270378112792969,5920.0
13.0,16.99974702129774,svm,0.0013210773468017578,10986.0
8.0,23.895930685102524,svm,0.0018260478973388672,12635.0
3.0,16.7373908818606,svm,0.0013546943664550781,4578.0
13.0,17.748049131076264,svm,0.0015568733215332031,9827.0
26.0,20.413655032959515,svm,0.0014219284057617188,5188.0
11.0,30.389913638413766,svm,0.000980377197265625,5005.0
16.0,18.758032678564575,svm,0.0013217926025390625,23743.0
16.0,20.134754807312653,svm,0.0014371871948242188,27344.0
14.0,21.272140517426504,svm,0.001986265182495117,9338.0
17.0,21.77033857685228,svm,0.0021119117736816406,12085.0
3.0,18.390625781317212,svm,0.0018682479858398438,10437.0
0.0,15.06002591131365,svm,0.0016367435455322266,8057.0
19.0,14.04005255955228,svm,0.001016855239868164,8423.0
20.0,24.680480454893697,svm,0.0017006397247314453,6408.0
22.0,25.529614159790142,svm,0.0015850067138671875,6409.0
4.0,22.032906096085654,svm,0.0017366409301757812,11535.0
15.0,14.397580618890167,svm,0.0012049674987792969,7507.0
3.0,23.949353013922828,svm,0.0011126995086669922,6470.0
0.0,15.705106867856275,svm,0.0011875629425048828,8911.0
2.0,16.308120616787022,svm,0.0013768672943115234,8606.0
20.0,13.177515424086634,svm,0.0011799335479736328,7751.0
27.0,28.230678232138516,svm,0.0011088848114013672,6042.0
7.0,26.50371365162848,svm,0.0008323192596435547,4944.0
15.0,17.842425908543103,svm,0.0011463165283203125,7752.0
12.0,20.773337294557347,svm,0.0012516975402832031,6592.0
9.0,21.81618892805072,svm,0.0015773773193359375,12268.0
15.0,19.679057720323623,svm,0.0009789466857910156,7508.0
0.0,17.049846112431112,svm,0.0012426376342773438,11780.0
11.0,14.9554323501272,svm,0.0011916160583496094,8118.0
1.0,19.8086303884526,svm,0.0020682811737060547,10376.0
0.0,16.72475188257889,svm,0.0013439655303955078,10376.0
5.0,18.72952864152567,svm,0.0016689300537109375,8240.0
13.0,17.066185693124687,svm,0.001050710678100586,0.0
6.0,26.074568509978494,svm,0.001340627670288086,18982.0
7.0,17.890687438141953,svm,0.001348733901977539,12695.0
9.0,20.22793018051837,svm,0.001971006393432617,14221.0
20.0,20.960663995002996,svm,0.0016870498657226562,11108.0
17.0,26.517647536893854,svm,0.0015637874603271484,4456.0
1.0,21.188694868145955,svm,0.0007388591766357422,9705.0
1.0,14.204043158992045,svm,0.0005581378936767578,10437.0
2.0,14.934925944301408,svm,0.0014889240264892578,10498.0
17.0,18.976242394729223,svm,0.001813650131225586,11535.0
23.0,24.575623402057133,svm,0.0018062591552734375,11536.0
15.0,24.599890961724263,linear,0.003248929977416992,12391.0
16.0,20.992147653388216,linear,0.0010266304016113281,7935.0
15.0,21.281971840839113,linear,0.001268625259399414,5371.0
3.0,21.83932600741876,linear,0.001054525375366211,8484.0
20.0,16.05678744598776,linear,0.0006971359252929688,0.0
25.0,23.998331337468,linear,0.0005667209625244141,9705.0
12.0,25.19955261172834,linear,0.0015494823455810547,6042.0
5.0,18.906354235092472,linear,0.001596212387084961,8850.0
16.0,14.593748168708913,linear,0.0010597705841064453,11719.0
22.0,23.683952182332064,linear,0.0016372203826904297,7141.0
7.0,25.33106643495561,linear,0.0007548332214355469,9827.0
22.0,15.736274567774345,linear,0.0015246868133544922,11292.0
27.0,23.962078263137983,linear,0.0012214183807373047,16113.0
10.0,26.25589603543456,linear,0.0015177726745605469,9766.0
5.0,18.115296055737428,linear,0.001544952392578125,10498.0
8.0,14.212497333687361,linear,0.0010671615600585938,8545.0
1.0,19.488647435931284,linear,0.0007960796356201172,5920.0
17.0,16.887451950147984,linear,0.0015375614166259766,10559.0
21.0,23.360272143251144,linear,0.0014476776123046875,10864.0
4.0,23.91000506229158,linear,0.001280069351196289,5066.0
7.0,16.690501068483602,linear,0.001146554946899414,8240.0
2.0,17.949646148276173,linear,0.0015664100646972656,10437.0
5.0,17.721252880821943,linear,0.0015320777893066406,10254.0
25.0,20.206878484017082,linear,0.0010929107666015625,10192.0
19.0,26.654896739779485,linear,0.001219034194946289,9033.0
8.0,23.233325320264083,linear,0.0013473033905029297,20996.0
6.0,17.40294780957417,linear,0.0009629726409912109,4760.0
5.0,17.20987937084126,linear,0.0009105205535888672,0.0
21.0,19.704761961361992,linear,0.0009558200836181641,9399.0
21.0,25.75355180267424,linear,0.0007297992706298828,4882.0
17.0,22.842406864402662,linear,0.0011916160583496094,4700.0
11.0,21.3930009922597,linear,0.001100778579711914,9826.0
9.0,18.02556038044037,linear,0.0011148452758789062,4822.0
3.0,19.852728657988806,linear,0.0013020038604736328,9094.0
6.0,16.269933282045322,linear,0.0009152889251708984,5127.0
8.0,18.621715926778336,linear,0.0013480186462402344,5432.0
1.0,19.290741670974555,linear,0.001233816146850586,5981.0
3.0,16.85829263428956,linear,0.001184701919555664,9704.0
10.0,18.119949652546303,linear,0.0011472702026367188,9705.0
11.0,22.159341607891108,linear,0.0005950927734375,6836.0
0.0,22.17300622614688,linear,0.0009992122650146484,5615.0
13.0,15.52757670456017,linear,0.0007982254028320312,10620.0
0.0,23.283673551141757,linear,0.0008783340454101562,4883.0
10.0,16.32602674636425,linear,0.0011107921600341797,0.0
1.0,22.791307207283968,linear,0.0011985301971435547,4699.0
25.0,15.018939267644681,linear,0.0016567707061767578,11414.0
15.0,30.79634155795163,linear,0.0012891292572021484,10620.0
2.0,19.507580563272025,linear,0.0014503002166748047,5555.0
5.0,17.120173610916456,linear,0.0012660026550292969,9156.0
6.0,16.46354062723366,linear,0.0014300346374511719,8728.0
1.0,21.459787194027694,linear,0.0012836456298828125,5982.0
4.0,16.537325811182455,linear,0.000431060791015625,0.0
3.0,17.91457200632851,linear,0.0008063316345214844,0.0
2.0,18.7251447882817,linear,0.0006203651428222656,0.0
11.0,19.013106178082037,linear,0.0010058879852294922,7752.0
25.0,22.372477714326394,linear,0.0006346702575683594,5981.0
1.0,28.42756559768437,linear,0.0015110969543457031,9826.0
3.0,14.683074960272686,linear,0.0011138916015625,5433.0
4.0,17.623918307130396,linear,0.001615285873413086,11414.0
1.0,18.347878863009146,linear,0.0014414787292480469,10132.0
17.0,19.626642135260244,linear,0.001226663589477539,13977.0
8.0,23.18662665073291,linear,0.0014271736145019531,11353.0
4.0,19.21867893288371,linear,0.00092315673828125,13672.0
14.0,18.52390497414342,linear,0.001642465591430664,11413.0
17.0,22.295532629880377,linear,0.0010197162628173828,6347.0
32.0,24.98312820216093,linear,0.0008153915405273438,6897.0
26.0,28.963218993827642,linear,0.0005946159362792969,11474.0
0.0,23.196413768288988,linear,0.0015609264373779297,10926.0
14.0,12.524597349865104,linear,0.0012106895446777344,6714.0
19.0,21.00244532307331,linear,0.00045228004455566406,0.0
14.0,23.898524197031648,linear,0.0004944801330566406,0.0
2.0,20.554902757495068,linear,0.0014314651489257812,6226.0
4.0,12.005137087862929,linear,0.0012149810791015625,0.0
11.0,18.582361195212165,linear,0.0013315677642822266,6103.0
11.0,22.04691518929887,linear,0.001146554946899414,7935.0
18.0,21.003137128180665,linear,0.001209259033203125,4882.0
17.0,22.778560023754185,linear,0.0011453628540039062,8484.0
31.000000000000004,22.28756555975392,linear,0.0012638568878173828,5188.0
42.0,29.30121219140918,linear,0.0017113685607910156,9888.0
12.0,30.914977571712818,linear,0.0015783309936523438,14160.0
13.0,15.427470432704602,linear,0.0013740062713623047,8728.0
7.0,17.54829315958422,linear,0.0013463497161865234,10559.0
0.0,16.202731615372244,linear,0.0014219284057617188,4761.0
5.0,16.356305947893556,linear,0.001603841781616211,11353.0
12.0,15.526799271329423,linear,0.0013802051544189453,5004.0
7.0,22.00231897282839,linear,0.0012502670288085938,6531.0
6.0,18.929611407935987,linear,0.0012781620025634766,11231.0
24.0,18.584989713710648,linear,0.0013489723205566406,7507.0
26.0,27.685335718288595,linear,0.0012946128845214844,10864.0
4.0,26.914752823877578,linear,0.0012323856353759766,8178.0
7.0,14.451119074462731,linear,0.0014138221740722656,7812.0
8.0,17.435259001298043,linear,0.0014410018920898438,9033.0
13.0,20.155549120594696,linear,0.0013294219970703125,6164.0
0.0,22.75003111975739,linear,0.0012669563293457031,6530.0
4.0,12.935162615925769,linear,0.0005393028259277344,0.0
8.0,18.920777148439967,linear,0.0005879402160644531,0.0
1.0,20.441873174072757,linear,0.0010786056518554688,6165.0
11.0,18.219888257732574,linear,0.0009660720825195312,6531.0
11.0,21.292270430499634,linear,0.0011258125305175781,6103.0
4.0,21.525612316291713,linear,0.0011975765228271484,7141.0
17.0,18.69285151750558,linear,0.0015239715576171875,12634.0
25.0,23.65747267964944,linear,0.001299142837524414,6164.0
4.0,27.30975801202593,linear,0.0010557174682617188,5982.0
19.0,15.628007054403257,linear,0.0015058517456054688,9338.0
9.0,23.214715368409394,linear,0.0011096000671386719,7568.0
7.0,18.378017485062287,linear,0.0013551712036132812,5432.0
12.0,19.986367383338532,linear,0.0014209747314453125,6409.0
46.0,18.369684500887153,linear,0.001520395278930664,5615.0
56.0,37.979678004776645,linear,0.0012891292572021484,6103.0
36.0,35.35117837083529,linear,0.0012006759643554688,11230.0
33.0,23.491386745049876,linear,0.0010991096496582031,7263.0
29.0,21.76418535076128,linear,0.0010445117950439453,4822.0
14.0,23.265293063130322,linear,0.0012557506561279297,6470.0
11.0,16.186683668011785,linear,0.0009331703186035156,0.0
4.0,13.870523775744154,linear,0.0014617443084716797,10437.0
6.0,13.63018522426807,linear,0.0008146762847900391,0.0
8.0,17.59998028719059,linear,0.0008804798126220703,6835.0
6.0,17.935699178544215,linear,0.0014424324035644531,9400.0
21.0,18.605366129816375,linear,0.0011887550354003906,9277.0
9.0,25.49338976950973,linear,0.001100778579711914,11902.0
7.0,18.71455391425191,linear,0.0014903545379638672,11231.0
12.0,19.146970160560777,linear,0.001020193099975586,19592.0
22.0,20.37407829775101,linear,0.0008451938629150391,7508.0
1.0,27.192381991038175,linear,0.0011742115020751953,10010.0
9.0,13.225251444629068,linear,0.0012288093566894531,10132.0
7.0,19.979129384861675,linear,0.0017995834350585938,24597.0
20.0,18.523176325689608,linear,0.0007331371307373047,5554.0
6.0,27.290437318822796,linear,0.0017178058624267578,11414.0
3.0,14.82436470325644,linear,0.0012428760528564453,10864.0
5.0,18.05314783490275,linear,0.0011806488037109375,5799.0
0.0,17.915047671812175,linear,0.0012392997741699219,19531.0
6.0,18.434495582665228,linear,0.0008080005645751953,7264.0
13.0,19.17972679295548,linear,0.000982046127319336,6470.0
30.0,22.7030001073172,linear,0.0007202625274658203,6958.0
4.0,30.404941843734786,linear,0.0010819435119628906,4944.0
18.0,14.487480169056731,linear,0.0010447502136230469,5188.0
10.0,24.35603242940409,linear,0.0007777214050292969,4700.0
0.0,18.099205244708337,linear,0.0011522769927978516,7019.0
0.0,17.57621860523018,linear,0.00135040283203125,5005.0
9.0,13.356010504314494,linear,0.0010488033294677734,2991.0
0.0,22.711388293332632,linear,0.001024007797241211,5921.0
13.0,16.227744831947714,linear,0.001497507095336914,18433.0
0.0,23.12519265291,linear,0.0007719993591308594,0.0
14.0,15.559642863750701,linear,0.0008981227874755859,4761.0
12.0,25.582682230812452,linear,0.0010275840759277344,7813.0
14.0,19.941889321700216,linear,0.0013723373413085938,8178.0
6.0,23.974608999751936,linear,0.0013203620910644531,6409.0
21.0,16.045792160954786,linear,0.0008859634399414062,17944.0
1.0,27.001849290643158,linear,0.001074075698852539,4822.0
3.0,13.97736702804385,linear,0.0016741752624511719,11475.0
28.0,18.42053436624544,linear,0.0009191036224365234,8362.0
40.0,27.82488466947757,linear,0.0014209747314453125,8911.0
7.0,34.116075018502485,linear,0.001337289810180664,5127.0
15.0,12.2558949387832,linear,0.0011053085327148438,6347.0
4.0,19.97815377913576,linear,0.0014836788177490234,11108.0
7.0,16.289950962621397,linear,0.0011675357818603516,13794.0
0.0,21.0068781883513,linear,0.0017039775848388672,10254.0
11.0,11.84231422773074,linear,0.001577138900756836,7324.0
2.0,23.04127684599218,linear,0.0014328956604003906,9338.0
8.0,15.865793779182734,linear,0.0017447471618652344,10070.0
35.0,21.816493168640193,linear,0.0014731884002685547,10681.0
51.0,31.548638367842948,linear,0.0013794898986816406,11292.0
29.0,37.68052181102217,linear,0.0015010833740234375,6714.0
25.0,21.294891828003188,linear,0.0010213851928710938,6165.0
5.0,20.75956040978832,linear,0.0014929771423339844,5005.0
3.0,13.419907180893437,linear,0.001069784164428711,0.0
19.0,16.545388264538573,linear,0.0015196800231933594,11475.0
10.0,21.036952670450734,linear,0.0010721683502197266,6958.0
12.0,18.256325140643476,linear,0.0013186931610107422,6287.0
2.0,18.860237226195924,linear,0.0015757083892822266,9400.0
1.0,14.910056284226114,linear,0.0015184879302978516,11719.0
9.0,18.695847270917874,linear,0.001542806625366211,6897.0
5.0,20.357417602919764,linear,0.0017812252044677734,12268.0
6.0,19.220386864315227,linear,0.0015175342559814453,10559.0
4.0,18.89933976649705,linear,0.00154876708984375,6775.0
2.0,18.31338872587479,linear,0.0013873577117919922,7508.0
5.0,18.978791142647232,linear,0.0015685558319091797,5799.0
5.0,19.507792089488316,linear,0.001027822494506836,10315.0
4.0,19.704219995578047,linear,0.0013344287872314453,4333.0
6.0,19.038990069396654,linear,0.0015301704406738281,7507.0
23.0,19.893575658753132,linear,0.0014650821685791016,9583.0
9.0,27.999390380290333,linear,0.001233816146850586,6042.0
13.0,18.774421771595165,linear,0.0008411407470703125,18493.0
