-0.35633855254398783,1.356338552543988,4.450000000000001,1741107430.0166092
-401353.7430455477,401354.7430455477,4.550000000000001,1741107432.0246089
-0.05167742194284816,1.0516774219428482,4.65,1741107434.0338438
0.2668602915073499,0.7331397084926501,4.75,1741107436.0426137
-2.16365813034223,3.16365813034223,4.85,1741107438.0523787
-546901.2181451892,546902.2181451892,4.949999999999999,1741107440.0605836
-0.7228598331861324,1.7228598331861324,0.1,1741107468.3862538
0.6662551222540076,0.3337448777459924,0,1741107470.4026637
-322718.35908644856,322719.35908644856,0.1,1741107472.4125092
0.6966405527602104,0.3033594472397896,0.05,1741107474.4228806
0.4210782784137419,0.5789217215862581,0.15000000000000002,1741107476.4324646
-0.9532823060618879,1.953282306061888,0.25,1741107478.442401
0.7046990180664455,0.2953009819335545,0.2,1741107480.4517999
-411377.16627398925,411378.16627398925,0.30000000000000004,1741107482.4602232
-390893.7238110709,390894.7238110709,0.4,1741107484.468443
0.3513940501165027,0.6486059498834973,0.5,1741107486.4773443
0.16134472140624523,0.8386552785937548,0.6,1741107488.4868221
-2.6508607014695547,3.6508607014695547,0.7,1741107490.4967113
-0.2909760653202128,1.290976065320213,0.7999999999999999,1741107492.5054023
0.6978361988404927,0.30216380115950725,0.7499999999999999,1741107494.5135872
-254092.41434492628,254093.41434492628,0.8499999999999999,1741107496.522693
-0.010767897827943351,1.0107678978279433,0.9499999999999998,1741107498.5337577
-261653.49834655283,261654.49834655283,1.0499999999999998,1741107500.5458148
0.3852368658730232,0.6147631341269768,1.15,1741107502.5601375
-418586.1804441237,418587.1804441237,1.25,1741107504.5811923
-283882.47380558174,283883.47380558174,1.35,1741107506.6037786
-0.5492864245133269,1.5492864245133269,1.2500000000000002,1741107508.617874
-5.920525770253951,6.920525770253951,1.1500000000000004,1741107510.6463037
0.8314569303320931,0.1685430696679069,1.1000000000000003,1741107512.6691267
-0.1638445225335261,1.163844522533526,1.2000000000000004,1741107514.6886892
0.3316229488323037,0.6683770511676963,1.3000000000000005,1741107516.7052343
-0.17712492641330788,1.177124926413308,1.2000000000000006,1741107518.7195842
-2.739155518107737,3.739155518107737,1.1000000000000008,1741107520.7359662
-0.30795681133579356,1.3079568113357936,1.2000000000000008,1741107522.7469041
-0.8897613346170907,1.8897613346170907,1.300000000000001,1741107524.7554471
0.07882842241756904,0.921171577582431,1.400000000000001,1741107526.7646682
0.7784934585476453,0.2215065414523547,1.350000000000001,1741107528.7735956
-3.9259763645359604,4.925976364535961,1.450000000000001,1741107530.7825038
-370600.5548035603,370601.5548035603,1.5500000000000012,1741107532.7911403
-571603.6098324386,571604.6098324386,1.4500000000000013,1741107534.806485
-0.9614248967932082,1.9614248967932082,1.3500000000000014,1741107536.8211653
-4.0039232672672265,5.0039232672672265,1.4500000000000015,1741107538.8301632
-8.285040672940617,9.285040672940617,1.3500000000000016,1741107540.8451424
-3.0444045798830057,4.044404579883006,1.2500000000000018,1741107542.8612463
-0.584405938735828,1.584405938735828,1.150000000000002,1741107544.8760633
-445820.16513829044,445821.16513829044,1.050000000000002,1741107546.8907971
-1.0892637005803958,2.089263700580396,1.1500000000000021,1741107548.8987606
0.7378585350424869,0.2621414649575131,1.100000000000002,1741107550.9070039
0.4711973333419488,0.5288026666580512,1.2000000000000022,1741107552.9164262
-240072.8544002291,240073.8544002291,1.3000000000000023,1741107554.9249272
0.06630824630489376,0.9336917536951063,1.4000000000000024,1741107556.934017
-0.147323821517131,1.147323821517131,1.5000000000000024,1741107558.9488678
-568755.5381337507,568756.5381337507,1.4000000000000026,1741107560.9646797
0.11335727165420859,0.8866427283457914,1.3000000000000027,1741107562.979229
-0.3861130684045159,1.386113068404516,1.4000000000000028,1741107564.9968803
0.5208374221162233,0.4791625778837767,1.5000000000000029,1741107567.0111165
0.6956301337752975,0.3043698662247025,1.2500000000000029,1741107569.0256312
0.5155845571698787,0.4844154428301213,1.150000000000003,1741107571.048443
-0.2605882922806911,1.260588292280691,1.250000000000003,1741107573.0701025
-5.166067816474137,6.166067816474137,1.3500000000000032,1741107575.0842214
0.0754550153447513,0.9245449846552487,1.4500000000000033,1741107577.0912895
-344787.0427252749,344788.0427252749,1.5500000000000034,1741107579.099258
-0.8787388306389117,1.8787388306389117,1.4500000000000035,1741107581.1148698
-560287.3591915839,560288.3591915839,1.3500000000000036,1741107583.1306365
-882422.2773106222,882423.2773106222,1.4500000000000037,1741107585.1391273
0.3860463267871176,0.6139536732128824,1.5500000000000038,1741107587.1476548
-6.57680021950339,7.57680021950339,1.450000000000004,1741107589.161174
-0.42044401102017076,1.4204440110201708,1.350000000000004,1741107591.175367
-330280.8262939957,330281.8262939957,1.4500000000000042,1741107593.1838226
0.6767978304240398,0.32320216957596015,1.4000000000000041,1741107595.1932304
-0.7328882243138128,1.7328882243138128,1.5000000000000042,1741107597.1986725
-4.984667202027168,5.984667202027168,1.4000000000000044,1741107599.2119753
-1.8715441578554328,2.871544157855433,1.3000000000000045,1741107601.227484
-0.7280355019702707,1.7280355019702707,1.4000000000000046,1741107603.2374694
-0.7733137160123013,1.7733137160123014,1.3000000000000047,1741107605.2534554
-382473.41688772937,382474.41688772937,1.2000000000000048,1741107607.269306
-3.0149285980839804,4.01492859808398,1.300000000000005,1741107609.277274
-385733.16911674436,385734.16911674436,1.400000000000005,1741107611.2857723
-0.4507989720293425,1.4507989720293426,1.3000000000000052,1741107613.2950354
-368937.9486917429,368938.9486917429,1.2000000000000053,1741107615.3209722
-0.3038048121559151,1.3038048121559151,1.3000000000000054,1741107617.4011428
-2.1953526681938307,3.1953526681938307,1.4000000000000055,1741107619.4082336
0.7009508559791534,0.2990491440208466,1.3500000000000054,1741107621.417816
-3.3127720149460704,4.31277201494607,1.4500000000000055,1741107623.4276767
-425777.8990690377,425778.8990690377,1.5500000000000056,1741107625.4461462
0.33463453745848826,0.6653654625415117,1.6500000000000057,1741107627.467841
-0.7972517866091767,1.7972517866091766,1.5500000000000058,1741107629.4836292
-4.559925659268308,5.559925659268308,1.650000000000006,1741107631.4931097
-2.889899541251988,3.889899541251988,1.750000000000006,1741107633.5033724
-533888.2123711838,533889.2123711838,1.850000000000006,1741107635.514346
0.7031437967411911,0.2968562032588089,1.800000000000006,1741107637.5213366
0.22537493531516004,0.7746250646848399,1.7000000000000062,1741107639.5371852
-0.8407475540602262,1.840747554060226,1.6000000000000063,1741107641.552315
-5.2372134647594955,6.2372134647594955,1.7000000000000064,1741107643.5598004
0.3804781404394698,0.6195218595605302,1.8000000000000065,1741107645.5668168
-4.617846494350953,5.617846494350953,1.9000000000000066,1741107647.575541
-2.358477322716661,3.358477322716661,2.0000000000000067,1741107649.591776
0.6175179793581915,0.3824820206418085,1.9500000000000066,1741107651.6013896
0.3359814872268692,0.6640185127731308,2.0500000000000065,1741107653.6084046
0.8206001971554034,0.17939980284459656,2.0000000000000067,1741107655.620412
-3.330746838645375,4.330746838645375,2.1000000000000068,1741107657.6302297
-0.2793725054885797,1.2793725054885798,2.200000000000007,1741107659.6383743
-0.9493898452735297,1.9493898452735297,2.300000000000007,1741107661.646363
-519083.8812353415,519084.8812353415,2.400000000000007,1741107663.6565814
-2.170194001778637,3.170194001778637,2.500000000000007,1741107665.664521
-411207.8566476003,411208.8566476003,2.600000000000007,1741107667.6715713
-403882.3941210904,403883.3941210904,2.500000000000007,1741107669.6846414
-551757.0384319469,551758.0384319469,2.400000000000007,1741107671.7008412
0.6927166950418786,0.3072833049581214,2.350000000000007,1741107673.7106144
0.732245493919534,0.267754506080466,2.3000000000000074,1741107675.7203455
-0.41133217047424603,1.411332170474246,2.4000000000000075,1741107677.727903
-569235.6339766837,569236.6339766837,2.5000000000000075,1741107679.7329829
0.06933705182160876,0.9306629481783912,2.6000000000000076,1741107681.742578
-0.8432777272706768,1.8432777272706768,2.7000000000000077,1741107683.7514637
-2.6853240443007924,3.6853240443007924,2.800000000000008,1741107685.7602496
-0.9535333063623075,1.9535333063623075,2.900000000000008,1741107687.7702665
-4.859259764086277,5.859259764086277,3.000000000000008,1741107689.7801588
-1.2343209115962859,2.234320911596286,3.100000000000008,1741107691.7888944
-644586.88254212,644587.88254212,3.200000000000008,1741107693.7985015
-503116.4747114035,503117.4747114035,3.3000000000000083,1741107695.8059683
-3.5781999867774497,4.57819998677745,3.4000000000000083,1741107697.813139
0.2461817975280197,0.7538182024719803,3.5000000000000084,1741107699.8228736
0.24284851769467852,0.7571514823053215,3.6000000000000085,1741107701.8358183
0.4651985239522186,0.5348014760477814,3.7000000000000086,1741107703.8433762
-484651.5517737025,484652.5517737025,3.8000000000000087,1741107705.8501146
-0.9215112468273126,1.9215112468273126,3.900000000000009,1741107707.8587172
0.6388262442179609,0.36117375578203914,3.850000000000009,1741107709.8670492
-484114.62393105426,484115.62393105426,3.950000000000009,1741107711.876677
0.3470300586914822,0.6529699413085178,4.050000000000009,1741107713.887229
-1.4991428814323788,2.4991428814323786,4.150000000000008,1741107715.8943877
0.487492419561873,0.5125075804381269,4.250000000000008,1741107717.9023077
-2.344746622405932,3.344746622405932,4.350000000000008,1741107719.9153965
-0.5537315244887456,1.5537315244887457,4.450000000000007,1741107721.9280167
-2.758408653408136,3.758408653408136,4.550000000000007,1741107723.9389603
-3.1647169654894007,4.164716965489401,4.650000000000007,1741107725.9477036
0.22157815949535842,0.7784218405046416,4.750000000000006,1741107727.9546306
0.201381161115832,0.798618838884168,4.850000000000006,1741107729.9657125
0.7848004640735631,0.21519953592643692,4.800000000000006,1741107731.9751983
-527264.1416665659,527265.1416665659,4.900000000000006,1741107733.9860468
-2.025318829799987,3.025318829799987,5.000000000000005,1741107735.9965272
-442604.71106129396,442605.71106129396,5.100000000000005,1741107738.005033
-6.411513289289287,7.411513289289287,5.200000000000005,1741107740.0135045
-2.237485064777528,3.237485064777528,5.100000000000004,1741107742.0281765
-3.0011561243237197,4.001156124323719,5.0000000000000036,1741107744.0428307
-3.145056914120553,4.145056914120553,4.900000000000003,1741107746.0581114
0.6763063204360846,0.32369367956391537,4.850000000000003,1741107748.067571
0.587696286820091,0.412303713179909,4.950000000000003,1741107750.0767322
-0.07200768866356055,1.0720076886635606,5.0500000000000025,1741107752.0848374
-3.26715720134505,4.26715720134505,5.150000000000002,1741107754.090254
-1.986467770066696,2.986467770066696,5.250000000000002,1741107756.1014342
-0.6627827362055627,1.6627827362055627,5.350000000000001,1741107758.1116478
-8.538929743328616,9.538929743328616,5.450000000000001,1741107760.1220787
-4.98673466593342,5.98673466593342,5.550000000000001,1741107762.1276233
-1.3671490444283605,2.3671490444283605,5.65,1741107764.1339755
-871686.0264328783,871687.0264328783,5.75,1741107766.143764
0.6464585142921051,0.3535414857078949,5.7,1741107768.1519866
0.1836666403716874,0.8163333596283127,5.8,1741107770.1598542
-0.3107356002250091,1.310735600225009,5.8999999999999995,1741107772.1692533
0.3125027909201139,0.6874972090798861,5.999999999999999,1741107774.179063
-550297.4590214319,550298.4590214319,6.099999999999999,1741107776.1882045
0.17932610478431865,0.8206738952156813,5.999999999999998,1741107778.2018197
-5.996863587913784,6.996863587913784,5.899999999999998,1741107780.2165031
-4.395157299395826,5.395157299395826,5.999999999999997,1741107782.2237651
-1.8204261632988847,2.820426163298885,6.099999999999997,1741107784.2296312
-0.43187285381922413,1.431872853819224,6.199999999999997,1741107786.2382267
0.5574368087675374,0.44256319123246257,6.299999999999996,1741107788.2471
-3.774652959028058,4.774652959028058,6.399999999999996,1741107790.2545528
0.24842881700927472,0.7515711829907252,6.499999999999996,1741107792.2656305
-2.9761425712499747,3.9761425712499747,6.599999999999995,1741107794.2748797
-0.5709349834608676,1.5709349834608677,6.699999999999995,1741107796.2844481
-0.3399197034483133,1.3399197034483132,6.7999999999999945,1741107798.2932436
-0.9755082804449673,1.9755082804449673,6.899999999999994,1741107800.301506
0.67964906768559,0.32035093231441003,6.849999999999994,1741107802.3099484
-1.2238787306532797,2.2238787306532797,6.949999999999994,1741107804.3226993
-1.559755451295552,2.559755451295552,7.049999999999994,1741107806.3336034
-4.287868064989557,5.287868064989557,7.149999999999993,1741107808.3413773
-6.718852070208769,7.718852070208769,7.249999999999993,1741107810.3505132
-5.055242047096918,6.055242047096918,7.149999999999992,1741107812.3664873
-3.217020505014311,4.217020505014311,7.049999999999992,1741107814.382887
-3.328652701587605,4.328652701587605,6.949999999999991,1741107816.3988624
0.6427993435344854,0.3572006564655146,6.699999999999991,1741107818.4159331
-472014.74229910865,472015.74229910865,6.799999999999991,1741107820.4257383
-4.515358879393068,5.515358879393068,6.899999999999991,1741107822.4353325
-470429.2404815294,470430.2404815294,6.99999999999999,1741107824.4451153
-2.4124324646860025,3.4124324646860025,7.09999999999999,1741107826.4546938
-361569.6707191661,361570.6707191661,7.1999999999999895,1741107828.4643552
-5.6846873216978375,6.6846873216978375,7.299999999999989,1741107830.4732807
-0.008782061187380341,1.0087820611873803,7.399999999999989,1741107832.4811654
0.27424974962677784,0.7257502503732222,7.4999999999999885,1741107834.490873
-1.3672368490411055,2.3672368490411055,7.599999999999988,1741107836.498992
-491578.6693547765,491579.6693547765,7.699999999999988,1741107838.5080712
0.5197474844473706,0.4802525155526294,7.799999999999987,1741107840.5169506
0.05890111695382516,0.9410988830461748,7.899999999999987,1741107842.5266984
-3.428563205241254,4.428563205241254,7.999999999999987,1741107844.5336564
-314061.1106322313,314062.1106322313,8.099999999999987,1741107846.5428512
-3.3155288039892388,4.315528803989238,8.199999999999987,1741107848.5496206
0.7543236694554859,0.2456763305445141,8.149999999999986,1741107850.5589
-0.023251244041942287,1.0232512440419423,8.249999999999986,1741107852.569101
-5.852317244702463,6.852317244702463,8.349999999999985,1741107854.5788734
-0.7399612064898248,1.7399612064898249,8.249999999999986,1741107856.5958424
0.0691135113256987,0.9308864886743013,8.149999999999986,1741107858.6112094
0.432407334169322,0.567592665830678,8.249999999999986,1741107860.6189735
-4.643722595805388,5.643722595805388,8.349999999999985,1741107862.6281872
-0.7388565755674896,1.7388565755674896,8.449999999999985,1741107864.6368666
-482363.6142267575,482364.6142267575,8.549999999999985,1741107866.6459088
-1.7935180698445337,2.7935180698445334,8.649999999999984,1741107868.6553452
-1.74243504104343,2.74243504104343,8.749999999999984,1741107870.6649885
0.04830511027764545,0.9516948897223545,8.849999999999984,1741107872.6738605
-578113.0433305192,578114.0433305192,8.949999999999983,1741107874.6796942
0.30761562741122356,0.6923843725887764,9.049999999999983,1741107876.6881042
-1.0698181437292793,2.0698181437292793,9.149999999999983,1741107878.6963873
-4.41232384418577,5.41232384418577,9.249999999999982,1741107880.706508
0.7948407766699389,0.2051592233300611,8.999999999999982,1741107882.7274544
-1.382660624891791,2.382660624891791,8.899999999999983,1741107884.7406242
-6.287973582645805,7.287973582645805,8.999999999999982,1741107886.746748
-2.5614931906041356,3.5614931906041356,9.099999999999982,1741107888.7544875
-5.117273574265252,6.117273574265252,9.199999999999982,1741107890.7655902
-557780.5921929413,557781.5921929413,9.299999999999981,1741107892.7750692
-1.9279828604502187,2.9279828604502187,9.39999999999998,1741107894.7837827
-6.549978807220127,7.549978807220127,9.49999999999998,1741107896.7920182
-5.464030114920341,6.464030114920341,9.59999999999998,1741107898.8016455
0.3814948278394795,0.6185051721605205,9.69999999999998,1741107900.811928
-613947.6469532899,613948.6469532899,9.79999999999998,1741107902.8226619
-7.993740529105638,8.993740529105638,9.899999999999979,1741107904.8315034
-5.179149555479091,6.179149555479091,9.999999999999979,1741107906.8375216
0.694313698217309,0.30568630178269096,9.949999999999978,1741107908.842536
0.4607916179284883,0.5392083820715117,10.049999999999978,1741107910.8475664
0.8440226957456773,0.15597730425432266,9.999999999999977,1741107912.8536496
0.4297557542522337,0.5702442457477663,9.899999999999977,1741107914.8635192
-767024.7565143461,767025.7565143461,9.799999999999978,1741107916.875346
-1.3304219042561576,2.3304219042561574,9.899999999999977,1741107918.881561
0.030322441985681375,0.9696775580143187,9.999999999999977,1741107920.8866894
0.15407222772615392,0.8459277722738461,10.099999999999977,1741107922.8916326
0.32159557876017264,0.6784044212398274,10.199999999999976,1741107924.8971777
-401046.6790121396,401047.6790121396,10.299999999999976,1741107926.9035473
-2.617308812185144,3.617308812185144,10.399999999999975,1741107928.9114823
0.27321630141839137,0.7267836985816086,10.499999999999975,1741107930.9175892
-553436.801559194,553437.801559194,10.599999999999975,1741107932.9226108
0.24762995579302116,0.7523700442069788,10.699999999999974,1741107934.9273586
-2.3105594207759728,3.3105594207759728,10.799999999999974,1741107936.9371407
0.5505952319261798,0.44940476807382024,10.699999999999974,1741107938.9493282
-0.6670722705089993,1.6670722705089993,10.599999999999975,1741107940.9613867
-933467.6691643929,933468.6691643929,10.699999999999974,1741107942.9669333
0.48007990547606894,0.5199200945239311,10.799999999999974,1741107944.9723291
0.6879277651262031,0.31207223487379687,10.749999999999973,1741107946.9775536
0.7065651065881773,0.2934348934118227,10.699999999999973,1741107948.9831781
0.1388993706509155,0.8611006293490845,10.599999999999973,1741107950.9958203
-870699.7501228895,870700.7501228895,10.499999999999973,1741107953.003085
0.7551464674907137,0.24485353250928632,10.449999999999973,1741107955.0130222
-0.1983859913573717,1.1983859913573718,10.549999999999972,1741107957.020009
-0.7048739152437914,1.7048739152437915,10.449999999999973,1741107959.0257263
-574065.4139583411,574066.4139583411,10.349999999999973,1741107961.0380566
-0.3382725765020578,1.3382725765020578,10.449999999999973,1741107963.0452027
0.3157397236514393,0.6842602763485607,10.549999999999972,1741107965.0540378
-1.4558778237893284,2.4558778237893284,10.649999999999972,1741107967.061124
-5.268619607809369,6.268619607809369,10.749999999999972,1741107969.0668838
0.6144795323150176,0.3855204676849824,10.69999999999997,1741107971.0720792
0.7342796047444473,0.2657203952555527,10.64999999999997,1741107973.0778022
-0.22148051122191326,1.2214805112219134,10.74999999999997,1741107975.0825481
-8.121301001866259,9.121301001866259,10.84999999999997,1741107977.0871575
0.27987766520928803,0.720122334790712,10.949999999999969,1741107979.0925496
-514063.1180140057,514064.1180140057,11.049999999999969,1741107981.099448
-0.9096406154512368,1.9096406154512366,11.149999999999968,1741107983.1057565
-2.0352005289422554,3.0352005289422554,11.049999999999969,1741107985.120172
0.032365599327214806,0.9676344006727852,10.949999999999969,1741107987.1372077
-0.42984000962042024,1.4298400096204202,11.049999999999969,1741107989.1529763
-263687.93466368585,263688.93466368585,10.949999999999969,1741107991.1760569
-1.13609795899461,2.1360979589946103,10.84999999999997,1741107993.191062
-5.365550464607151,6.365550464607151,10.949999999999969,1741107995.2007165
-0.15378526752189275,1.1537852675218927,11.049999999999969,1741107997.2088113
0.6694972458621816,0.3305027541378184,10.999999999999968,1741107999.2186847
-381599.5441408753,381600.5441408753,11.099999999999968,1741108001.2286408
-379140.49185225944,379141.49185225944,11.199999999999967,1741108003.238389
-2.1814072073472053,3.1814072073472053,11.299999999999967,1741108005.2461596
-3.7768421870795734,4.776842187079573,11.399999999999967,1741108007.255427
-0.7813986602529333,1.7813986602529333,11.499999999999966,1741108009.2630033
0.2579935487962782,0.7420064512037218,11.599999999999966,1741108011.2685745
-10.64892105081098,11.64892105081098,11.699999999999966,1741108013.2737136
-1.3626102812391856,2.362610281239186,11.799999999999965,1741108015.2789137
0.09030100822800319,0.9096989917719969,11.899999999999965,1741108017.2841687
0.360574837176342,0.639425162823658,11.999999999999964,1741108019.2890844
-4.979448924954163,5.979448924954163,12.099999999999964,1741108021.2948685
-0.5162839843250411,1.516283984325041,12.199999999999964,1741108023.3001401
0.25961050639687844,0.7403894936031216,12.299999999999963,1741108025.3057208
0.626331814646047,0.37366818535395296,12.249999999999963,1741108027.3118718
0.01700562201866543,0.9829943779813346,12.349999999999962,1741108029.31695
-1.3282918126814454,2.3282918126814454,12.449999999999962,1741108031.323959
-512691.37057597336,512692.37057597336,12.549999999999962,1741108033.3316429
0.4206000447987993,0.5793999552012007,12.649999999999961,1741108035.3408282
-4.081639182013448,5.081639182013448,12.749999999999961,1741108037.346904
-4.272510959912081,5.272510959912081,12.84999999999996,1741108039.3528762
-394811.8695876228,394812.8695876228,12.94999999999996,1741108041.3595603
-0.23102717501833284,1.2310271750183328,13.04999999999996,1741108043.3655303
-0.3253874015212171,1.325387401521217,13.14999999999996,1741108045.3726904
0.7637580995291005,0.23624190047089955,13.099999999999959,1741108047.3786955
-0.36005830675486483,1.3600583067548648,13.199999999999958,1741108049.3840518
0.7789514291770258,0.22104857082297424,13.149999999999958,1741108051.3898034
0.6718029669499013,0.32819703305009873,13.099999999999957,1741108053.395485
-0.24642062141819776,1.2464206214181979,13.199999999999957,1741108055.4001348
0.760995743861448,0.23900425613855203,13.149999999999956,1741108057.404722
-589269.309493597,589270.309493597,13.249999999999956,1741108059.4108055
-5.79808095350665,6.79808095350665,13.349999999999955,1741108061.4158309
-0.021163510620739234,1.0211635106207393,13.449999999999955,1741108063.420463
-1.0427875422660555,2.0427875422660557,13.549999999999955,1741108065.4253557
-0.20670040735234047,1.2067004073523404,13.649999999999954,1741108067.4332778
-401321.19018214435,401322.19018214435,13.749999999999954,1741108069.4414735
-1.158902733033768,2.1589027330337682,13.849999999999953,1741108071.4477696
-4.561106315134898,5.561106315134898,13.949999999999953,1741108073.454504
-1.994522635286585,2.994522635286585,14.049999999999953,1741108075.4622028
-501542.23117179575,501543.23117179575,14.149999999999952,1741108077.4715781
-1.7191497008023755,2.7191497008023755,14.249999999999952,1741108079.4777079
-1286338.060180699,1286339.060180699,14.349999999999952,1741108081.482416
0.3859237512288718,0.6140762487711282,14.449999999999951,1741108083.4911826
0.7170169620789862,0.28298303792101376,14.39999999999995,1741108085.4977283
0.47393705575297873,0.5260629442470213,14.49999999999995,1741108087.508024
-2.0132131318386883,3.0132131318386883,14.59999999999995,1741108089.5168633
0.5632605421707562,0.43673945782924384,14.69999999999995,1741108091.5289397
-0.23374734586411183,1.2337473458641117,14.79999999999995,1741108093.5395596
-2.0459638488802607,3.0459638488802607,14.899999999999949,1741108095.547513
-2.242421222557966,3.242421222557966,14.999999999999948,1741108097.552563
-4.752147959753762,5.752147959753762,15.099999999999948,1741108099.5600693
0.6748811819154861,0.3251188180845139,15.049999999999947,1741108101.5679724
-7.409917749768185,8.409917749768185,15.149999999999947,1741108103.573879
0.15229725157506302,0.847702748424937,15.249999999999947,1741108105.5786786
-3.3516924319771695,4.3516924319771695,15.349999999999946,1741108107.583199
-3.631727407977724,4.631727407977724,15.449999999999946,1741108109.5882468
0.6374290054303455,0.36257099456965447,15.399999999999945,1741108111.5940175
0.6461131233826274,0.3538868766173726,15.349999999999945,1741108113.600834
0.05364232538372879,0.9463576746162712,15.449999999999944,1741108115.6092327
-466110.4229466268,466111.4229466268,15.549999999999944,1741108117.6185782
-2.6797605444614754,3.6797605444614754,15.649999999999944,1741108119.6260102
-1.7705237503498248,2.770523750349825,15.749999999999943,1741108121.6323123
0.25993661601747253,0.7400633839825275,15.849999999999943,1741108123.6401458
0.31657654672777436,0.6834234532722256,15.949999999999942,1741108125.6488683
0.17172088691344323,0.8282791130865568,16.049999999999944,1741108127.6578183
-2.9543229222275214,3.9543229222275214,16.149999999999945,1741108129.6660671
0.7410625810993209,0.2589374189006791,16.099999999999945,1741108131.6735091
0.5637579564859547,0.4362420435140453,16.199999999999946,1741108133.6805036
-0.02747731685861904,1.027477316858619,16.299999999999947,1741108135.6873574
-0.976390748305049,1.976390748305049,16.39999999999995,1741108137.6943903
-7.662103296628885,8.662103296628885,16.49999999999995,1741108139.7013874
-2.4249395481225764,3.4249395481225764,16.59999999999995,1741108141.7100754
0.6668593744322592,0.3331406255677408,16.54999999999995,1741108143.719375
-3.4604286423971677,4.460428642397168,16.649999999999952,1741108145.727883
0.6395545679135742,0.36044543208642577,16.59999999999995,1741108147.7396746
-2.4155181364441516,3.4155181364441516,16.699999999999953,1741108149.7519612
-491667.785645402,491668.785645402,16.799999999999955,1741108151.7597556
0.32327167120462075,0.6767283287953793,16.899999999999956,1741108153.7683523
-0.8000959139438322,1.8000959139438322,16.999999999999957,1741108155.777683
-4.77280984345045,5.77280984345045,17.09999999999996,1741108157.786074
0.5068045851045697,0.4931954148954303,17.19999999999996,1741108159.796057
0.43813958451634233,0.5618604154836577,17.29999999999996,1741108161.805497
-294486.4829397301,294487.4829397301,17.399999999999963,1741108163.81528
-412332.73266388016,412333.73266388016,17.499999999999964,1741108165.8242693
-1.939916538016202,2.939916538016202,17.599999999999966,1741108167.8370433
0.6330027747872305,0.36699722521276945,17.349999999999966,1741108169.85413
-1.9798503196443886,2.9798503196443886,17.249999999999968,1741108171.8685875
-4.309118573337707,5.309118573337707,17.34999999999997,1741108173.8757164
0.6964474417494242,0.3035525582505758,17.09999999999997,1741108175.8896275
0.5943005402258872,0.4056994597741128,16.99999999999997,1741108177.9032934
0.06672579092369679,0.9332742090763032,17.099999999999973,1741108179.91172
-0.2949227621345653,1.2949227621345654,16.999999999999975,1741108181.9274855
-1.977927461663843,2.977927461663843,16.899999999999977,1741108183.9426649
-414926.8416501361,414927.8416501361,16.99999999999998,1741108185.9522998
-3.0348619586493584,4.034861958649358,17.09999999999998,1741108187.9602118
-1.7499736588660484,2.7499736588660486,17.19999999999998,1741108189.968101
-1.751772038931883,2.751772038931883,17.299999999999983,1741108191.9773655
0.3790673574623848,0.6209326425376152,17.399999999999984,1741108193.9865093
-1.142301773773275,2.142301773773275,17.299999999999986,1741108196.000942
0.6344317093977241,0.3655682906022759,17.049999999999986,1741108198.0163891
0.31796696054126816,0.6820330394587318,17.149999999999988,1741108200.023528
0.252169684629744,0.747830315370256,17.24999999999999,1741108202.0310788
-626466.8710512278,626467.8710512278,17.34999999999999,1741108204.0387383
-3.9691332020129804,4.96913320201298,17.449999999999992,1741108206.045787
-2.2129488520126297,3.2129488520126297,17.549999999999994,1741108208.0538645
-6.5651123928442585,7.5651123928442585,17.649999999999995,1741108210.061842
-536935.0965776196,536936.0965776196,17.749999999999996,1741108212.0708616
-458224.18636507035,458225.18636507035,17.849999999999998,1741108214.0801232
-0.5662418590956353,1.5662418590956353,17.95,1741108216.0900118
0.7240072921619545,0.2759927078380455,17.9,1741108218.0991201
0.3772297282134096,0.6227702717865904,18.0,1741108220.1126804
-455950.7889834257,455951.7889834257,18.1,1741108222.1238005
0.04833888300300482,0.9516611169969952,18.200000000000003,1741108224.134415
0.3988184117795623,0.6011815882204377,18.300000000000004,1741108226.14363
-2.3433021485885748,3.3433021485885748,18.400000000000006,1741108228.154453
0.1931684381239398,0.8068315618760602,18.500000000000007,1741108230.1636276
-0.8593030959818608,1.8593030959818608,18.60000000000001,1741108232.1744368
0.2653801419566085,0.7346198580433916,18.70000000000001,1741108234.184309
-0.1049480613967207,1.1049480613967206,18.80000000000001,1741108236.1960554
0.15207409346447004,0.84792590653553,18.900000000000013,1741108238.2060375
-2.7450039892411358,3.7450039892411358,19.000000000000014,1741108240.2162197
-4.3709360408366935,5.3709360408366935,19.100000000000016,1741108242.2270677
-2.1926539595071786,3.1926539595071786,19.200000000000017,1741108244.2397673
-0.9381132134503389,1.938113213450339,19.30000000000002,1741108246.2551024
-1.0371071515968495,2.0371071515968495,19.40000000000002,1741108248.264121
-1.9977436086281897,2.9977436086281894,19.50000000000002,1741108250.275433
-4.913465204661598,5.913465204661598,19.600000000000023,1741108252.2869434
-1.205582650207112,2.205582650207112,19.700000000000024,1741108254.2967615
-4.090172036850279,5.090172036850279,19.800000000000026,1741108256.3066993
-482961.3436660144,482962.3436660144,19.900000000000027,1741108258.3164566
-1.235375863266663,2.235375863266663,20.00000000000003,1741108260.325747
-9.452386656594975,10.452386656594975,20.10000000000003,1741108262.3360868
0.1858917327153448,0.8141082672846552,20.20000000000003,1741108264.3488505
-717919.4245695872,717920.4245695872,20.300000000000033,1741108266.3593006
-574192.0230330534,574193.0230330534,20.400000000000034,1741108268.369324
0.11460595453314593,0.8853940454668541,20.500000000000036,1741108270.3786986
0.5091719377252484,0.4908280622747516,20.600000000000037,1741108272.3903742
-0.8369328089553449,1.836932808955345,20.70000000000004,1741108274.4034467
-4.594225602233666,5.594225602233666,20.80000000000004,1741108276.4138741
0.10088714308132851,0.8991128569186715,20.700000000000042,1741108278.4275193
-0.45095520201323785,1.450955202013238,20.600000000000044,1741108280.4426665
-452813.9037833062,452814.9037833062,20.700000000000045,1741108282.4525812
0.6951335709983795,0.30486642900162053,20.650000000000045,1741108284.460199
-533144.2946639109,533145.2946639109,20.750000000000046,1741108286.4714394
-0.5322197385325724,1.5322197385325724,20.850000000000048,1741108288.4819987
-0.3729877235348275,1.3729877235348276,20.95000000000005,1741108290.4911144
-470887.87079090514,470888.87079090514,21.05000000000005,1741108292.5003278
0.5420442998979491,0.4579557001020509,21.150000000000052,1741108294.5090263
-0.7760311664226327,1.7760311664226327,21.250000000000053,1741108296.5182526
-359404.8836437985,359405.8836437985,21.350000000000055,1741108298.5266452
-0.27346114621076145,1.2734611462107615,21.450000000000056,1741108300.536226
-5.534238589136934,6.534238589136934,21.35000000000006,1741108302.5517578
-2.7105692156949512,3.7105692156949512,21.25000000000006,1741108304.5669777
-3.061516477490466,4.061516477490466,21.350000000000062,1741108306.574444
0.6473720376837757,0.3526279623162243,21.30000000000006,1741108308.582451
-0.5554863565272461,1.555486356527246,21.200000000000063,1741108310.5960584
-2.6963657642926084,3.6963657642926084,21.100000000000065,1741108312.608999
-472416.7959465051,472417.7959465051,21.200000000000067,1741108314.61797
-3.6011500217449672,4.601150021744967,21.300000000000068,1741108316.6270244
-0.3042834158082537,1.3042834158082537,21.40000000000007,1741108318.6368148
-0.4266328140902743,1.4266328140902744,21.50000000000007,1741108320.6472087
0.23371105773139406,0.7662889422686059,21.600000000000072,1741108322.658952
-6.303315582101223,7.303315582101223,21.700000000000074,1741108324.6745017
-0.7202649441902647,1.7202649441902647,21.800000000000075,1741108326.6869164
-480981.94969771954,480982.94969771954,21.900000000000077,1741108328.6961572
-2.873335088768398,3.873335088768398,21.80000000000008,1741108330.711892
-6.54463574394095,7.54463574394095,21.70000000000008,1741108332.728241
0.0007693767526286976,0.9992306232473713,21.800000000000082,1741108334.7379665
-6.516142733955033,7.516142733955033,21.900000000000084,1741108336.7478921
0.019185005874680527,0.9808149941253195,21.800000000000086,1741108338.7646878
-225568.2775459491,225569.2775459491,21.700000000000088,1741108340.7813077
-1.1909242057169844,2.1909242057169847,21.60000000000009,1741108342.7967432
0.3574122059102611,0.6425877940897389,21.70000000000009,1741108344.8036919
0.17041800537490873,0.8295819946250913,21.800000000000093,1741108346.8140752
0.43033689706532746,0.5696631029346726,21.900000000000095,1741108348.8233683
0.7581897657237289,0.24181023427627113,21.850000000000094,1741108350.831731
0.041414086260748634,0.9585859137392514,21.950000000000095,1741108352.8418202
-0.2788578935100804,1.2788578935100805,22.050000000000097,1741108354.8505423
-2.1713674476880622,3.1713674476880622,22.150000000000098,1741108356.8600202
0.5168863465314899,0.4831136534685101,22.2500000000001,1741108358.8702738
0.8571617966635169,0.14283820333648312,22.2000000000001,1741108360.8800366
-3.5598497427305897,4.55984974273059,22.3000000000001,1741108362.8903942
-1.0147618022156597,2.0147618022156597,22.4000000000001,1741108364.8998494
-1.1583772551918567,2.1583772551918567,22.500000000000103,1741108366.9117632
-5.907726454372025,6.907726454372025,22.600000000000104,1741108368.9261339
-647413.85776163,647414.85776163,22.700000000000106,1741108370.9442103
0.6978724176966036,0.3021275823033964,22.650000000000105,1741108372.9562666
-5.030176833765535,6.030176833765535,22.750000000000107,1741108374.967502
-0.16865381270506674,1.1686538127050667,22.850000000000108,1741108376.9788663
0.15655012370656438,0.8434498762934356,22.95000000000011,1741108378.9937353
-0.04450187768364455,1.0445018776836446,23.05000000000011,1741108381.00354
-2.0120148363442656,3.0120148363442656,23.150000000000112,1741108383.0132835
-5.5753803300872535,6.5753803300872535,23.250000000000114,1741108385.0223434
-1.9164636168633118,2.916463616863312,23.350000000000115,1741108387.0325758
-391764.6204182251,391765.6204182251,23.450000000000117,1741108389.0427835
-1.0211093558644309,2.021109355864431,23.550000000000118,1741108391.0540514
-6.537992356968731,7.537992356968731,23.65000000000012,1741108393.0643182
-7.612295766019605,8.612295766019605,23.75000000000012,1741108395.0760932
-1.732999349544665,2.7329993495446647,23.850000000000122,1741108397.085611
-0.3535401377503873,1.3535401377503873,23.950000000000124,1741108399.0959458
-0.6792925140511554,1.6792925140511554,24.050000000000125,1741108401.1066918
-3.1943280899250373,4.194328089925037,24.150000000000126,1741108403.1164227
-0.14309675916471862,1.1430967591647185,24.250000000000128,1741108405.1272259
-443411.995814782,443412.995814782,24.35000000000013,1741108407.138103
-501899.93913375476,501900.93913375476,24.45000000000013,1741108409.1494193
-0.23795428533848306,1.237954285338483,24.550000000000132,1741108411.1642017
-401733.64233577915,401734.64233577915,24.650000000000134,1741108413.1771648
-2.9628072644853676,3.9628072644853676,24.750000000000135,1741108415.1945772
-3.9297475947800073,4.929747594780007,24.850000000000136,1741108417.2049062
-0.32483320358607937,1.3248332035860795,24.950000000000138,1741108419.2176445
-0.5205564143842876,1.5205564143842876,25.05000000000014,1741108421.2276163
-0.2851998511304621,1.285199851130462,25.15000000000014,1741108423.2372334
0.5246926710859184,0.47530732891408156,25.250000000000142,1741108425.247685
0.4889071697598938,0.5110928302401062,25.350000000000144,1741108427.258575
-0.21882761312853416,1.2188276131285343,25.450000000000145,1741108429.269116
0.6407680810164261,0.3592319189835739,25.400000000000144,1741108431.27937
0.45861897937241436,0.5413810206275856,25.500000000000146,1741108433.2903228
-1.3362149679982558,2.336214967998256,25.400000000000148,1741108435.3090363
-411222.71777342545,411223.71777342545,25.30000000000015,1741108437.325607
-0.5704740686149029,1.570474068614903,25.40000000000015,1741108439.3346343
-1.4312662648083911,2.431266264808391,25.500000000000153,1741108441.3437693
-820842.0908677723,820843.0908677723,25.600000000000154,1741108443.3535433
-4.983479927266964,5.983479927266964,25.700000000000156,1741108445.363669
-459326.9647530806,459327.9647530806,25.800000000000157,1741108447.3713703
-2.3514093313312023,3.3514093313312023,25.90000000000016,1741108449.3823063
0.01962012910265276,0.9803798708973472,26.00000000000016,1741108451.3913722
0.5663681942484148,0.4336318057515852,26.10000000000016,1741108453.3996608
-5.624299577151171,6.624299577151171,26.200000000000163,1741108455.4066904
-669131.2223344506,669132.2223344506,26.300000000000164,1741108457.4140332
-1.8082671802275156,2.8082671802275154,26.400000000000166,1741108459.4216557
-462555.9919215917,462556.9919215917,26.500000000000167,1741108461.4329214
0.0742004211776697,0.9257995788223303,26.60000000000017,1741108463.445049
-3.7211145321369776,4.721114532136978,26.70000000000017,1741108465.4554658
0.867580662672966,0.13241933732703404,26.65000000000017,1741108467.4660091
-3.9235416962823546,4.923541696282355,26.55000000000017,1741108469.483595
0.454157303044176,0.545842696955824,26.450000000000173,1741108471.5003428
0.7244485542419696,0.27555144575803037,26.400000000000173,1741108473.5117111
-0.33932095472939594,1.3393209547293958,26.500000000000174,1741108475.521307
-0.6996196486478535,1.6996196486478534,26.600000000000176,1741108477.5311134
-3.795542037008209,4.795542037008209,26.700000000000177,1741108479.5398712
-0.79828358440649,1.79828358440649,26.80000000000018,1741108481.5497053
-0.8197389803346429,1.8197389803346429,26.90000000000018,1741108483.5623045
-1.7723489727167299,2.77234897271673,27.00000000000018,1741108485.575424
-311115.5105524297,311116.5105524297,27.100000000000183,1741108487.5852501
0.5312137126061038,0.46878628739389616,27.200000000000184,1741108489.5953948
-393320.5055136914,393321.5055136914,27.300000000000185,1741108491.6051793
-522741.5682147046,522742.5682147046,27.400000000000187,1741108493.616382
-5.303082523944114,6.303082523944114,27.50000000000019,1741108495.6257882
-0.9453215817767348,1.9453215817767346,27.40000000000019,1741108497.6452825
-0.7962539036534361,1.7962539036534362,27.300000000000193,1741108499.6624372
-0.14462686837608715,1.1446268683760872,27.400000000000194,1741108501.6742563
-5.57389571471533,6.57389571471533,27.500000000000195,1741108503.684677
-6.203401962330947,7.203401962330947,27.600000000000197,1741108505.694813
0.7715486473916113,0.22845135260838867,27.550000000000196,1741108507.7051587
-457677.6100960281,457678.6100960281,27.650000000000198,1741108509.715699
-515599.1108818918,515600.1108818918,27.7500000000002,1741108511.7272515
0.1321704525110184,0.8678295474889817,27.6500000000002,1741108513.743194
-0.08098658916681889,1.080986589166819,27.550000000000203,1741108515.7640378
-512883.9835581172,512884.9835581172,27.650000000000205,1741108517.7769141
-336747.1600651925,336748.1600651925,27.750000000000206,1741108519.7876332
-1.2658219837013391,2.265821983701339,27.850000000000207,1741108521.797234
-3.555045038339485,4.555045038339485,27.95000000000021,1741108523.8058078
-576294.7448595942,576295.7448595942,27.85000000000021,1741108525.8234322
-5.9793933235209575,6.9793933235209575,27.750000000000213,1741108527.8428628
-465127.4855445555,465128.4855445555,27.850000000000215,1741108529.8516314
0.080681610743083,0.919318389256917,27.950000000000216,1741108531.8598566
-350803.3357361266,350804.3357361266,28.050000000000217,1741108533.8721178
-428536.4606096106,428537.4606096106,28.15000000000022,1741108535.8827531
0.3158723847326024,0.6841276152673976,28.25000000000022,1741108537.8944068
-0.7433897479670727,1.7433897479670728,28.35000000000022,1741108539.9038925
-0.9062897911909188,1.9062897911909187,28.450000000000223,1741108541.913558
-900111.13828692,900112.13828692,28.550000000000225,1741108543.9248862
-1.750146317420951,2.750146317420951,28.650000000000226,1741108545.9363585
-0.43157941610054196,1.431579416100542,28.750000000000227,1741108547.9476392
0.3320090147741172,0.6679909852258827,28.85000000000023,1741108549.9579952
-629557.5590221833,629558.5590221833,28.95000000000023,1741108551.9690337
-0.2875140413930889,1.2875140413930888,29.05000000000023,1741108553.978935
-0.5609227096443123,1.5609227096443123,29.150000000000233,1741108555.9894214
-518077.0159650784,518078.0159650784,29.250000000000234,1741108557.9982479
-0.5069326397323453,1.5069326397323453,29.350000000000236,1741108560.0091097
-0.9848174544347053,1.9848174544347053,29.450000000000237,1741108562.0209563
-1.0717723962407744,2.0717723962407746,29.55000000000024,1741108564.0325253
-2.965172745326341,3.965172745326341,29.65000000000024,1741108566.0444613
0.3773097783381968,0.6226902216618032,29.75000000000024,1741108568.057943
-1.5913566065222997,2.5913566065222997,29.650000000000244,1741108570.082865
-1.0417748560972624,2.0417748560972626,29.550000000000246,1741108572.100847
-4.5539074218635935,5.5539074218635935,29.650000000000247,1741108574.1109366
-455931.4640161058,455932.4640161058,29.75000000000025,1741108576.1223507
-0.1752661851646811,1.175266185164681,29.85000000000025,1741108578.137566
-3.1459168175920644,4.145916817592065,29.95000000000025,1741108580.1580844
-4.6100831464151115,5.6100831464151115,29.850000000000254,1741108582.17194
-504354.7531403957,504355.7531403957,29.750000000000256,1741108584.1890314
-0.14854553381800045,1.1485455338180004,29.850000000000257,1741108586.2006502
-7.5656181419535224,8.565618141953522,29.95000000000026,1741108588.2114544
-1.3320172194472493,2.3320172194472493,30.05000000000026,1741108590.2230003
-2.5075724014222427,3.5075724014222427,30.15000000000026,1741108592.2304845
-0.3186112023259576,1.3186112023259575,30.250000000000263,1741108594.2404854
-575225.8186651762,575226.8186651762,30.350000000000264,1741108596.2515633
-550833.8387845431,550834.8387845431,30.450000000000266,1741108598.2617419
0.041083998218102935,0.9589160017818971,30.550000000000267,1741108600.27247
-1.0118986061718211,2.011898606171821,30.65000000000027,1741108602.281537
-4.462702719495765,5.462702719495765,30.55000000000027,1741108604.2980173
-614415.1302522352,614416.1302522352,30.450000000000273,1741108606.3153522
-540624.9604209376,540625.9604209376,30.550000000000274,1741108608.3255873
0.21904156579023087,0.7809584342097691,30.650000000000276,1741108610.3352206
-0.38901926129026754,1.3890192612902674,30.750000000000277,1741108612.3438375
-364099.0567577498,364100.0567577498,30.85000000000028,1741108614.3500876
-1.0750990317452522,2.0750990317452525,30.95000000000028,1741108616.3577487
0.15748228867188402,0.8425177113281159,31.05000000000028,1741108618.369174
-5.313954281722784,6.313954281722784,31.150000000000283,1741108620.3799822
-683001.5727559454,683002.5727559454,31.250000000000284,1741108622.3892024
-413292.31697991036,413293.31697991036,31.350000000000286,1741108624.3965201
0.5776371765411797,0.42236282345882026,31.450000000000287,1741108626.404005
0.6511042349555466,0.3488957650444534,31.400000000000286,1741108628.4118292
0.7888775144638905,0.21112248553610946,31.350000000000286,1741108630.4239082
-0.09709557984667272,1.0970955798466728,31.450000000000287,1741108632.4358723
0.4982968209478364,0.5017031790521636,31.55000000000029,1741108634.4477072
-547709.9743975557,547710.9743975557,31.65000000000029,1741108636.4582121
-437006.69848278194,437007.69848278194,31.75000000000029,1741108638.4688358
-5.715469231775051,6.715469231775051,31.850000000000293,1741108640.480192
-478617.6329823348,478618.6329823348,31.950000000000294,1741108642.4924512
-0.9814060507970214,1.9814060507970215,32.050000000000296,1741108644.5042424
-554770.04670001,554771.04670001,32.1500000000003,1741108646.5157583
-493848.46988037677,493849.46988037677,32.2500000000003,1741108648.526174
-359887.00564139977,359888.00564139977,32.3500000000003,1741108650.5370522
-456599.0423814784,456600.0423814784,32.4500000000003,1741108652.5481973
-1.4135993154706727,2.4135993154706727,32.5500000000003,1741108654.5589886
0.4452085861296201,0.5547914138703799,32.650000000000304,1741108656.5718293
-1.1172518894005006,2.1172518894005004,32.750000000000306,1741108658.5840957
-0.2444830536290211,1.244483053629021,32.85000000000031,1741108660.5943713
-0.38919608804398786,1.3891960880439878,32.95000000000031,1741108662.6046636
-5.006451779681321,6.006451779681321,33.05000000000031,1741108664.61491
-0.686158499098073,1.686158499098073,33.15000000000031,1741108666.6238587
-0.914924293852889,1.914924293852889,33.25000000000031,1741108668.634646
0.7027744603975767,0.29722553960242326,33.200000000000315,1741108670.6485486
-0.039882812283109775,1.0398828122831099,33.30000000000032,1741108672.6594136
-0.10959151252160645,1.1095915125216065,33.40000000000032,1741108674.6710806
-411768.55908053165,411769.55908053165,33.50000000000032,1741108676.6845615
-6.251560001745611,7.251560001745611,33.60000000000032,1741108678.6960883
-0.9852519987375117,1.9852519987375117,33.70000000000032,1741108680.7086177
-2.1689981328443406,3.1689981328443406,33.800000000000324,1741108682.7186856
-1.7141270363473284,2.714127036347328,33.900000000000325,1741108684.7299664
-0.4919457445987792,1.4919457445987792,34.00000000000033,1741108686.7413306
-0.9372938005517558,1.937293800551756,33.900000000000325,1741108688.7533476
-465326.5730128659,465327.5730128659,33.800000000000324,1741108690.7739396
-2.91989662620937,3.91989662620937,33.900000000000325,1741108692.7843764
-452605.52655028045,452606.52655028045,34.00000000000033,1741108694.7928169
-337233.2775043593,337234.2775043593,34.10000000000033,1741108696.8049731
0.7465929325749122,0.2534070674250878,34.05000000000033,1741108698.8144631
-0.12306299691431402,1.123062996914314,34.15000000000033,1741108700.826507
-4.365641360339757,5.365641360339757,34.250000000000334,1741108702.838802
-3.8581752140118226,4.858175214011823,34.15000000000033,1741108704.8602064
-1.3224746428495533,2.3224746428495533,34.05000000000033,1741108706.8795614
0.07716504676241132,0.9228349532375887,34.15000000000033,1741108708.8928206
-0.21887152835583154,1.2188715283558316,34.05000000000033,1741108710.9107277
-436418.7949851774,436419.7949851774,33.95000000000033,1741108712.929181
-0.4861801745529307,1.4861801745529308,34.05000000000033,1741108714.941066
-869298.5786344083,869299.5786344083,33.95000000000033,1741108716.9591682
0.6574475874113077,0.3425524125886923,33.70000000000033,1741108718.9772875
-413404.08408956765,413405.08408956765,33.80000000000033,1741108720.9876497
-1.9383038313498995,2.9383038313498995,33.90000000000033,1741108722.997084
-0.30613022551765723,1.3061302255176572,34.000000000000334,1741108725.0075443
0.2158096593807392,0.7841903406192607,34.100000000000335,1741108727.0183344
0.16973629805303667,0.8302637019469633,34.20000000000034,1741108729.032597
-8.087518709944748,9.087518709944748,34.30000000000034,1741108731.045147
0.6344156128770597,0.3655843871229403,34.25000000000034,1741108733.057794
0.3421768188473401,0.6578231811526599,34.35000000000034,1741108735.0702581
0.6658882092233237,0.3341117907766763,34.300000000000345,1741108737.0822191
-5.040879713816997,6.040879713816997,34.40000000000035,1741108739.093363
-1.8932460882860118,2.893246088286012,34.50000000000035,1741108741.1030974
-7.6061417425834135,8.606141742583414,34.60000000000035,1741108743.1145892
0.31868687403262874,0.6813131259673713,34.70000000000035,1741108745.1261282
-713806.6811008635,713807.6811008635,34.60000000000035,1741108747.1435862
-447908.47330877924,447909.47330877924,34.50000000000035,1741108749.1625783
-6.861830624888546,7.861830624888546,34.40000000000035,1741108751.1802135
-0.03610334753165492,1.036103347531655,34.50000000000035,1741108753.1921303
-458550.4990377429,458551.4990377429,34.60000000000035,1741108755.203097
0.18883640842932164,0.8111635915706783,34.70000000000035,1741108757.2117257
-457073.29360548034,457074.29360548034,34.60000000000035,1741108759.2282095
0.5024316353788318,0.49756836462116816,34.50000000000035,1741108761.2450547
0.5337289088457808,0.46627109115421916,34.60000000000035,1741108763.2565622
0.6264124901072369,0.3735875098927631,34.55000000000035,1741108765.2694466
0.6078849318013775,0.3921150681986225,34.500000000000355,1741108767.279086
-0.11097010849400726,1.1109701084940073,34.60000000000036,1741108769.2894673
-5.488531949244002,6.488531949244002,34.70000000000036,1741108771.29931
0.023453517795870293,0.9765464822041297,34.80000000000036,1741108773.3115735
0.18527888870713127,0.8147211112928687,34.90000000000036,1741108775.322993
0.5737447910065033,0.42625520899349667,35.00000000000036,1741108777.335092
-490490.91199436405,490491.91199436405,34.90000000000036,1741108779.3531919
-0.6601556708180182,1.660155670818018,34.80000000000036,1741108781.3720481
-3.4589206614308443,4.458920661430844,34.90000000000036,1741108783.384328
0.8062186559176174,0.19378134408238257,34.850000000000364,1741108785.3962333
-0.5296347268931584,1.5296347268931583,34.950000000000365,1741108787.407584
-2.1862975202617747,3.1862975202617747,35.05000000000037,1741108789.4189763
0.03913705693673064,0.9608629430632694,35.15000000000037,1741108791.4306574
-3.3535934767683715,4.3535934767683715,35.25000000000037,1741108793.4399567
-1.8479201850823732,2.847920185082373,35.35000000000037,1741108795.4498107
0.8263278450951039,0.17367215490489607,35.300000000000374,1741108797.4613073
-560758.3911432894,560759.3911432894,35.400000000000375,1741108799.4717734
0.10573511909613309,0.8942648809038669,35.50000000000038,1741108801.482329
-851834.6004336325,851835.6004336325,35.60000000000038,1741108803.4938054
-1.6571066973055593,2.6571066973055593,35.70000000000038,1741108805.5089839
-0.47750711493760756,1.4775071149376076,35.80000000000038,1741108807.5201538
-408903.46945710864,408904.46945710864,35.90000000000038,1741108809.5317724
-523822.0762380969,523823.0762380969,36.000000000000384,1741108811.5429509
0.579070169454226,0.42092983054577404,36.100000000000385,1741108813.5512671
-460586.7369859829,460587.7369859829,36.20000000000039,1741108815.5604935
-0.3140409141873767,1.3140409141873768,36.30000000000039,1741108817.5717573
-515841.35482391086,515842.35482391086,36.40000000000039,1741108819.5837958
-461483.6754334004,461484.6754334004,36.30000000000039,1741108821.601928
-1.0731925123427026,2.0731925123427026,36.20000000000039,1741108823.6202211
0.7386833224288744,0.26131667757112564,36.15000000000039,1741108825.632013
0.6908337716210924,0.3091662283789076,36.10000000000039,1741108827.6439035
-3.2571728742596733,4.257172874259673,36.200000000000394,1741108829.654559
-610149.4527948071,610150.4527948071,36.300000000000395,1741108831.664874
-1.5755557684554429,2.575555768455443,36.4000000000004,1741108833.676628
-1.5264703667302186,2.5264703667302184,36.5000000000004,1741108835.6887605
0.6746877059085096,0.32531229409149043,36.4500000000004,1741108837.7013552
-0.5526495731526915,1.5526495731526915,36.5500000000004,1741108839.716269
0.2803239308730619,0.7196760691269382,36.650000000000404,1741108841.730958
-961849.420188685,961850.420188685,36.750000000000405,1741108843.7439024
0.44677087197398047,0.5532291280260195,36.850000000000406,1741108845.7562056
0.3747536764935541,0.6252463235064458,36.750000000000405,1741108847.7733552
-0.6584146394773732,1.6584146394773733,36.650000000000404,1741108849.7917652
-304681.4343937832,304682.4343937832,36.750000000000405,1741108851.803112
-2.7058835085788484,3.7058835085788484,36.850000000000406,1741108853.8142946
-856709.3214539555,856710.3214539555,36.95000000000041,1741108855.8259907
-5.86811469135714,6.86811469135714,37.05000000000041,1741108857.8364286
-5.629902797306609,6.629902797306609,37.15000000000041,1741108859.8454118
0.5550981992955988,0.4449018007044012,37.25000000000041,1741108861.8572009
-0.02537237838215403,1.025372378382154,37.35000000000041,1741108863.8695369
-4.300396726732503,5.300396726732503,37.450000000000415,1741108865.8815224
0.7462634099666516,0.25373659003334836,37.40000000000042,1741108867.8932192
-1.0677936061847981,2.0677936061847983,37.50000000000042,1741108869.90319
-341391.80835153564,341392.80835153564,37.60000000000042,1741108871.913919
0.28524940875422644,0.7147505912457736,37.70000000000042,1741108873.9255126
-432917.87195790437,432918.87195790437,37.80000000000042,1741108875.9355085
-0.5818307793303509,1.581830779330351,37.900000000000425,1741108877.9483466
-368332.853486657,368333.853486657,38.000000000000426,1741108879.9608517
0.24781636945991434,0.7521836305400856,37.900000000000425,1741108881.9796188
0.6871903670928075,0.31280963290719255,37.650000000000425,1741108883.997295
-5.238808724133122,6.238808724133122,37.750000000000426,1741108886.0087366
0.3144837161990037,0.6855162838009963,37.85000000000043,1741108888.0205956
0.5223374151774125,0.4776625848225875,37.95000000000043,1741108890.0316274
-4.310984536016713,5.310984536016713,38.05000000000043,1741108892.043493
0.3630106994040737,0.6369893005959263,38.15000000000043,1741108894.055381
-3.0787432414778295,4.078743241477829,38.25000000000043,1741108896.0674458
-0.5561185181175627,1.5561185181175627,38.350000000000435,1741108898.0795467
0.756362436083197,0.24363756391680302,38.30000000000044,1741108900.0938387
-1.5140258297941571,2.514025829794157,38.40000000000044,1741108902.1048262
-0.47806677017944943,1.4780667701794494,38.50000000000044,1741108904.1167068
-382273.4683148484,382274.4683148484,38.60000000000044,1741108906.127599
-1.9415156303762962,2.941515630376296,38.70000000000044,1741108908.1393003
0.057155954013196175,0.9428440459868038,38.800000000000445,1741108910.1487226
-3.8325248505407092,4.832524850540709,38.900000000000446,1741108912.1617844
0.5623322635534411,0.4376677364465589,39.00000000000045,1741108914.173312
-0.038165898064015186,1.0381658980640152,39.10000000000045,1741108916.1844592
0.532578772100543,0.46742122789945695,39.20000000000045,1741108918.1968985
-499269.96100633696,499270.96100633696,39.30000000000045,1741108920.2109613
-1.051431929860666,2.051431929860666,39.40000000000045,1741108922.223854
0.3159222663726635,0.6840777336273365,39.500000000000455,1741108924.2329068
-2.0195232968685737,3.0195232968685737,39.600000000000456,1741108926.244257
-5.25302460288325,6.25302460288325,39.70000000000046,1741108928.2562165
-633341.9463644377,633342.9463644377,39.80000000000046,1741108930.2688315
-706272.2212461551,706273.2212461551,39.70000000000046,1741108932.2916117
0.5431712044545515,0.45682879554544853,39.600000000000456,1741108934.320823
-0.24754305933582385,1.2475430593358239,39.70000000000046,1741108936.3359122
-426949.852840618,426950.852840618,39.80000000000046,1741108938.34695
-1.1613636571682515,2.1613636571682515,39.90000000000046,1741108940.35889
-433196.3156630363,433197.3156630363,40.00000000000046,1741108942.3695507
-1.9467991969894265,0.1000311773147919,39.37658481284835,linear,1741109459.3298538
0.7237957949908971,0.5723268180511641,39.45231930131822,linear,1741109461.3426843
-401354.1716467966,0.4362631714212285,0,linear,1741109463.354696
0.6966405527602104,0.2783538642408417,0.2091433442596844,lstm,1741109465.391374
-0.22586813528054905,0.8464589783281734,0,svm,1741109467.4119027
-0.9532823060618879,0.7139493142699352,0,lstm,1741109469.441472
0.7046990180664455,0.886789077212806,0,lstm,1741109471.468187
-411377.16627398925,0.5443594911004107,0,lstm,1741109473.4944568
-390893.7238110709,0.801310728023935,0,lstm,1741109475.5296721
0.3513940501165027,0.6893318786175269,0,lstm,1741109477.5695767
0.16134472140624523,0.6022758406546238,0,lstm,1741109479.6083233
-2.6508607014695547,0.7995355339105339,0,lstm,1741109481.6474981
-0.2909760653202128,0.8818291114466252,0,lstm,1741109483.6836357
0.32176124870462186,0.5845267562470533,0,svm,1741109485.7028296
-254092.41434492628,0.6966567756498944,0,lstm,1741109487.7307413
-0.010767897827943351,0.7316209819150745,0,lstm,1741109489.7590683
-261653.49834655283,0.9123587570621469,0,lstm,1741109491.7895513
0.06189318709805186,0.8568408535376891,0,svm,1741109493.8097496
-418586.1804441237,0.6423566635440763,0,lstm,1741109495.8433218
-386703.35119743284,0.6874875124875125,0,linear,1741109497.8658617
-0.024140887665035377,0.7146281831459961,0,lstm,1741109499.8865776
-4.824980420174101,0.36950365477163355,0,lstm,1741109501.9017124
-0.3057802334336303,0.45549589070212315,0,lstm,1741109503.9152308
-0.140000862160162,0.3938335751022023,0,lstm,1741109505.92791
0.3300658018720797,0.7304648328422222,0,lstm,1741109507.9383478
0.34091091313103994,0.7400255362614914,0,lstm,1741109509.9524837
-2.901676690033616,0.7430122116689281,0,lstm,1741109511.965103
-0.055008079529970555,0.7474511570561456,0,lstm,1741109513.9779825
-0.8897613346170907,0.682806785101142,0,lstm,1741109515.9956937
0.07882842241756904,0.7808773549692553,0,lstm,1741109518.0097835
0.7784934585476453,0.5587572110457114,0.10986812375096688,lstm,1741109520.036046
-5.4623894758222,0.6746940386893012,0,svm,1741109522.0568569
-370600.5548035603,0.8527051460361613,0,lstm,1741109524.0734482
-422205.1573507959,0.6959135380632017,0,lstm,1741109526.086386
-0.9614248967932082,0.46962040192737103,0,lstm,1741109528.103625
-4.0039232672672265,0.8507784616249332,0,lstm,1741109530.1270273
-5.334611798333584,0.8712336954610976,0,lstm,1741109532.152291
-3.0444045798830057,0.6606842175598022,0,lstm,1741109534.1708815
0.061467274253520277,0.6676846258442746,0,lstm,1741109536.1867163
-445820.16513829044,0.5409422622880447,0,lstm,1741109538.2144458
-1.0892637005803958,0.6003033176905342,0,lstm,1741109540.2504613
0.7378585350424869,0.8470390887103066,0,lstm,1741109542.2778306
0.4711973333419488,0.8206877171469447,0,lstm,1741109544.3101745
-240072.8544002291,0.8285073347012526,0,lstm,1741109546.3503242
0.06630824630489376,0.7552034528778715,0,lstm,1741109548.379576
-0.147323821517131,0.7554136481178073,0,lstm,1741109550.411745
-416150.3843006983,0.5533920632306932,0,lstm,1741109552.448242
0.11335727165420859,0.8482197339516719,0,lstm,1741109554.4670222
-0.3861130684045159,0.8649008770198245,0,lstm,1741109556.496592
0.5208374221162233,0.6706885647654057,0,lstm,1741109558.5289032
0.7233520352904079,0.6137443709878317,0.054803832151288034,lstm,1741109560.5642052
0.5155845571698787,0.5563662296340995,0.054803832151288034,lstm,1741109562.5971437
-0.2605882922806911,0.3582896496105605,0.054803832151288034,lstm,1741109564.6179247
-5.166067816474137,0.7653959677822803,0,lstm,1741109566.6359365
0.0754550153447513,0.7323724231856544,0,lstm,1741109568.6493492
-344787.0427252749,0.5581850451064885,0,lstm,1741109570.659202
-0.38742046068708275,0.6710787540620461,0,lstm,1741109572.672699
-560287.3591915839,0.8936837629881577,0,lstm,1741109574.6854818
-882422.2773106222,0.8423558570310462,0,lstm,1741109576.6975257
0.3860463267871176,0.8055199821116397,0,lstm,1741109578.7078779
-6.57680021950339,0.48248108531176626,0,linear,1741109580.7275867
-0.42044401102017076,0.8052380347579433,0,lstm,1741109582.747499
-330280.8262939957,0.7520513783117022,0,lstm,1741109584.7598052
0.6767978304240398,0.8251317342854675,0,lstm,1741109586.7736943
-0.7328882243138128,0.6921244458662766,0,lstm,1741109588.7860334
-4.125636861557685,0.8294750167331141,0,lstm,1741109590.7995172
-1.8715441578554328,0.5999542618184194,0,lstm,1741109592.8121707
-0.7280355019702707,0.414615787595132,0,lstm,1741109594.8279076
-0.11650240731042527,0.8681061729987745,0,lstm,1741109596.8429716
-382473.41688772937,0.39951992546211124,0,lstm,1741109598.8760276
-3.0149285980839804,0.5196692679816476,0,lstm,1741109600.8960116
-385733.16911674436,0.5992829372793271,0,lstm,1741109602.930379
0.15169609082181829,0.5121117793336978,0,lstm,1741109604.9562342
-368937.9486917429,0.8060767549374238,0,lstm,1741109607.0235417
-1.3204612217137965,0.5813550747198007,0,svm,1741109609.042854
-2.1953526681938307,0.8602521084610502,0,lstm,1741109611.064294
0.7009508559791534,0.6266985636170733,0.03712614618104004,lstm,1741109613.0867991
-3.3127720149460704,0.8522535940940292,0,lstm,1741109615.1167378
-425777.8990690377,0.6668603175223106,0,lstm,1741109617.1453972
0.33463453745848826,0.8179540610186746,0,lstm,1741109619.1768405
-0.025658684731464237,0.5951853205977788,0,lstm,1741109621.2012508
-3.022444941886582,0.6964693665628245,0,lstm,1741109623.234818
-1.4629359904838926,0.7207504069736911,0,lstm,1741109625.27338
-345533.7379824578,0.3436429957630132,0,lstm,1741109627.305887
0.6880929899511439,0.7159764344976643,0,svm,1741109629.3234553
0.3106088058579326,0.8231548308924244,0,lstm,1741109631.3578703
-0.47927651119076525,0.5428797090535055,0,lstm,1741109633.3942587
-3.0946553108721266,0.7419008483563097,0,lstm,1741109635.4252446
0.5013916731157881,0.595496976302651,0,lstm,1741109637.4532201
-4.599982081098244,0.6679834218365497,0,svm,1741109639.478753
-0.9964109788991097,0.6087170405352224,0,lstm,1741109641.4995754
0.5980301394039668,0.6858752978341767,0,lstm,1741109643.517491
0.49721807832439696,0.8120502318172768,0,lstm,1741109645.5304675
0.7097371451695511,0.7590485812176052,0,lstm,1741109647.5422688
-2.38211034767134,0.7641605794230532,0,lstm,1741109649.554769
0.22039453573239307,0.6245881309291043,0,lstm,1741109651.566023
-0.40355617346209777,0.761986202931877,0,lstm,1741109653.5780187
-421777.4410137449,0.7411757799093192,0,lstm,1741109655.5915408
-1.0371945471954855,0.6197229251242468,0,lstm,1741109657.6025949
-338129.43346687587,0.6490324516225812,0,lstm,1741109659.6145272
-403882.3941210904,0.6968695583346525,0,lstm,1741109661.6266088
-355231.0491618532,0.5569208900282653,0,lstm,1741109663.640525
0.8520824009007429,0.5406398809523809,0.15572125997418107,lstm,1741109665.6527934
0.731855089608543,0.5219418185247177,0.26067789551609377,lstm,1741109667.6642559
0.08451686727242916,0.40496796052147016,0.26067789551609377,lstm,1741109669.6806412
-548798.8848349774,0.6686257876878332,0,lstm,1741109671.6938982
0.2818769950395567,0.8550897826975691,0,lstm,1741109673.712561
-0.29045839746517965,0.8041213895613986,0,lstm,1741109675.7410276
-1.4380966018492285,0.594710664353932,0,lstm,1741109677.7699897
-0.25226969990143683,0.7020239105991418,0,lstm,1741109679.8010833
-2.969679866796618,0.7441935578588836,0,lstm,1741109681.8288329
-0.3974290065762945,0.6202009948228606,0,lstm,1741109683.8657842
-456060.7996962815,0.8214372790442521,0,lstm,1741109685.9045136
-362103.7729946927,0.9282644541117037,0,lstm,1741109687.9407346
-2.3812642849477643,0.3349058452160662,0,lstm,1741109689.9818082
0.2461817975280197,0.7869199472179459,0,linear,1741109691.9988208
0.5442714215783995,0.5821360411940514,0,lstm,1741109694.0263002
0.7105790137306905,0.7247907258508647,0,lstm,1741109696.0573282
-484680.6521755901,0.6004370289111434,0,lstm,1741109698.0890944
-0.59119368637108,0.8381552804523918,0,lstm,1741109700.1204574
0.6886584532721564,0.6689344825664555,0.009861985352850433,lstm,1741109702.149857
-437485.27537856944,0.9440269269126657,0,lstm,1741109704.1830566
0.6815927797684094,0.668717601179436,0.006437589294486679,lstm,1741109706.2092986
-0.49626247354027775,0.6397964129907902,0,lstm,1741109708.2410786
0.779924783125703,0.7082210533123504,0.035851864906676356,lstm,1741109710.2744946
-0.9879746905811799,0.7559699621043245,0,lstm,1741109712.3136349
0.12893541294403368,0.6246675319701257,0,lstm,1741109714.3523545
-1.3946763365608448,0.39720873507144994,0,lstm,1741109716.3896213
-1.5029521886594481,0.6118376928236083,0,lstm,1741109718.4070985
0.6440842009018005,0.7735218855218856,0,lstm,1741109720.4233253
-0.18570384377975857,0.692637775728775,0,linear,1741109722.4422214
0.7989392022625632,0.850592,0,lstm,1741109724.4597216
-397122.3867318891,0.7138998422712933,0,lstm,1741109726.4731102
-1.3983490942076644,0.5117363827866386,0,lstm,1741109728.4850643
-294890.38860256656,0.67911701120263,0,lstm,1741109730.4987147
-3.807708122045632,0.8061446003381929,0,lstm,1741109732.5096588
-0.6792062818985718,0.618467353056171,0,lstm,1741109734.5229123
-3.0011561243237197,0.5963216523555349,0,lstm,1741109736.5363572
-2.1284199115148326,0.7055094800117512,0,lstm,1741109738.5507917
0.7790142119433774,0.8178981285310735,0,lstm,1741109740.564549
0.6130371193444875,0.5331884958691855,0.039924311737650986,lstm,1741109742.5781925
0.36324662015030357,0.44674981567952815,0.039924311737650986,lstm,1741109744.5906281
-2.052589306617172,0.8848558340070062,0,lstm,1741109746.6002207
-1.0635616403598362,0.5,0,lstm,1741109748.6180909
-0.0997906647731297,0.6357349298100743,0,lstm,1741109750.6360893
-4.9440985730369285,0.8424906226556639,0,lstm,1741109752.6705277
-2.8628319127549613,0.5482277091906722,0,lstm,1741109754.7042997
-0.3222285214486025,0.8754461673493271,0,lstm,1741109756.728974
-616068.2553993737,0.5903797383876135,0,lstm,1741109758.7614706
0.7618186374592686,0.5872977628314229,0.08726043731392286,lstm,1741109760.7864919
0.34136412993690524,0.4866898148148148,0,svm,1741109762.8051465
0.06997739825709559,0.7048446995273464,0,lstm,1741109764.845721
0.7008482182211111,0.8037870710850976,0,lstm,1741109766.8842854
-357264.58038459,0.8976430084745762,0,lstm,1741109768.9197814
0.17932610478431865,0.6260467016134522,0,lstm,1741109770.9569447
-4.653008166150121,0.6473258694337709,0,lstm,1741109772.9941316
-3.337688718001799,0.6459933067794522,0,lstm,1741109775.0331812
-0.7520500042397027,0.933399513486442,0,lstm,1741109777.0641193
0.052686167209211654,0.60364533766258,0,lstm,1741109779.1023908
0.5462000577932085,0.733083441981747,0,lstm,1741109781.1441114
-4.095868707526533,0.7760599513907642,0,svm,1741109783.1651244
0.3063682435831885,0.5033855785454222,0,svm,1741109785.1791818
-1.794106309574339,0.5285399777009279,0,lstm,1741109787.205082
-0.007326625258386195,0.6144220902693687,0,lstm,1741109789.225163
0.23483297025397704,0.6221979947831757,0,lstm,1741109791.2409139
0.3686965864042865,0.8545782012549384,0,linear,1741109793.261447
-0.39304909128218135,0.5909343434343435,0,lstm,1741109795.2819636
-0.718793294401444,0.7436590570577452,0,lstm,1741109797.2953863
0.09951900952995113,0.7191056342944914,0,lstm,1741109799.3080077
-4.104355425680281,0.8100853548966757,0,lstm,1741109801.3205283
-3.65917996014693,0.6923282534710719,0,lstm,1741109803.3331802
-5.0674410347336325,0.640397749389575,0,svm,1741109805.351057
-1.6346042832344705,0.3146007901945377,0,lstm,1741109807.3705604
-1.6521055712138732,0.6627588526401769,0,lstm,1741109809.3837848
0.7492681499599128,0.6428091920921544,0.05322947893387919,lstm,1741109811.395103
-355631.5976380394,0.7303644660662593,0,lstm,1741109813.4080887
-2.726290664080046,0.9270356875209964,0,lstm,1741109815.4212418
-308497.319898302,0.5757925465515448,0,lstm,1741109817.4354348
-1.1555397082676175,0.4092804954286161,0,lstm,1741109819.4497945
-245496.9781113991,0.7766933333333333,0,lstm,1741109821.4709346
-4.004603113779814,0.7508443117115106,0,lstm,1741109823.501999
-0.008782061187380341,0.7664654521935971,0,linear,1741109825.521609
0.6367600902625445,0.8487788789003774,0,lstm,1741109827.5437188
-0.9010628750751551,0.692300676572035,0,lstm,1741109829.560434
-313746.2972291055,0.3495954357946532,0,lstm,1741109831.585206
0.5379731246875101,0.75,0,svm,1741109833.604027
0.14643482266001423,0.8883692131834635,0,lstm,1741109835.6339738
-2.320641481918176,0.8877610110024866,0,lstm,1741109837.6587598
-247786.683662661,0.8459170711051758,0,lstm,1741109839.681443
-2.1159486183992464,0.5322529204862313,0,lstm,1741109841.6979482
0.7656953812560209,0.8024842745872789,0,lstm,1741109843.7152164
0.24186438805847232,0.6808497549572456,0,lstm,1741109845.7341988
-3.6043670064558833,0.8245963799135178,0,lstm,1741109847.752205
-0.9024923252005681,0.36909072237544743,0,lstm,1741109849.7657475
-0.12229486937459755,0.5695026081845566,0,svm,1741109851.7825866
0.7586620562458783,0.7933058329714865,0,lstm,1741109853.8053758
-2.866858349448778,0.9261140287430423,0,lstm,1741109855.821332
0.15574963823840451,0.8602653294783761,0,lstm,1741109857.8348548
-0.48860923570785547,0.8659281325637684,0,lstm,1741109859.8491855
-334196.5148242086,0.8743160774410774,0,lstm,1741109861.8611763
-1.0813710923133235,0.6012293344637558,0,lstm,1741109863.8752208
0.35726018547986016,0.8309042992315997,0,lstm,1741109865.8960626
-395327.94087681704,0.47318585900351456,0,lstm,1741109867.9088867
0.7425957370712373,0.8666323907455012,0,lstm,1741109869.923007
-0.5868724560900765,0.39099002819384726,0,lstm,1741109871.9364452
-2.7156600722986,0.8525610435059254,0,lstm,1741109873.950546
0.7734458986717075,0.9161657779932137,0,lstm,1741109875.96277
0.1892648312146344,0.8403767066951802,0,lstm,1741109877.9766724
-4.185344656195044,0.9034243118375587,0,lstm,1741109879.9881575
-2.6526391283990356,0.7387869798328933,0,lstm,1741109882.003872
-3.4170257526907735,0.8690887560180153,0,lstm,1741109884.0174112
-404824.3033806645,0.9280184364985057,0,lstm,1741109886.032216
0.1580294243549356,0.8766295056275822,0,lstm,1741109888.0526125
-3.443546044808496,0.3445407621890905,0,lstm,1741109890.0858529
-2.5095768656510886,0.41236793628433654,0,lstm,1741109892.1275845
-1.5052201027904673,0.7329623287671233,0,lstm,1741109894.1557872
-432963.2059948499,0.6634569320686021,0,lstm,1741109896.1804338
0.8438954614221165,0.7902207680613392,0.02683734668038862,lstm,1741109898.1998487
-5.046955647587734,0.5357889459193038,0,lstm,1741109900.2142642
-3.4897401750789143,0.8434935759015332,0,lstm,1741109902.2280786
0.5070530777311499,0.7620347953381004,0,lstm,1741109904.2448997
0.7145767261306011,0.8038958196541913,0,lstm,1741109906.2634625
0.7154977633654667,0.5865461732355637,0.06447579506495149,linear,1741109908.2834768
-317407.0520068079,0.6711237587216917,0,lstm,1741109910.3028672
-321714.69032396376,0.7418783872685693,0,lstm,1741109912.3141453
0.3900423295336046,0.816475676358241,0,lstm,1741109914.326311
0.43896265242622834,0.6174494756267723,0,lstm,1741109916.3397508
0.6436385301157439,0.34965572838371484,0.14699140086601448,lstm,1741109918.356406
-280492.8874482169,0.8988600212089077,0,lstm,1741109920.3702252
-1.314811575638772,0.9152613491048593,0,lstm,1741109922.3838806
-0.28949891068191214,0.7756383890317052,0,lstm,1741109924.3970199
-553436.7775243402,0.5964342134958248,0,linear,1741109926.4158566
0.5316636373534281,0.5342222306698091,0,lstm,1741109928.4342628
-0.9454538395191556,0.713856,0,lstm,1741109930.445517
0.318125111016483,0.897573078311079,0,lstm,1741109932.4617884
0.627332295358645,0.8534133903602567,0,lstm,1741109934.4743702
-277227.09793918004,0.9101813926272674,0,lstm,1741109936.4875877
-470768.01129360736,0.847099806166112,0,lstm,1741109938.5062568
0.9279967542144953,0.8755485664131071,0.026224093900694134,lstm,1741109940.52463
0.8011107321165387,0.917953807289787,0.026224093900694134,lstm,1741109942.5493777
0.739412182989427,0.8775663284226141,0.026224093900694134,lstm,1741109944.5719748
-341934.9749057637,0.7291156996970037,0,lstm,1741109946.597641
-276705.5292672401,0.3857837928381116,0,lstm,1741109948.6213822
-0.27181158549580764,0.6582957716248122,0,svm,1741109950.64405
-0.4617059350883572,0.5806300320487767,0,lstm,1741109952.6691046
-520382.7871715106,0.7844621245322455,0,lstm,1741109954.693578
-1.1953419488199424,0.5014686001223163,0,lstm,1741109956.7192636
0.5306337409934974,0.836789077212806,0,lstm,1741109958.744455
-0.7285067566614462,0.8810447491880188,0,lstm,1741109960.7643461
-3.822155488002146,0.761824146605071,0,lstm,1741109962.7806573
0.050219927479618065,0.787194069259673,0,lstm,1741109964.7954993
0.5987635830853377,0.551092318534179,0.023835632275579388,linear,1741109966.8135755
0.7612743305990599,0.8636843146304477,0,lstm,1741109968.8331797
-3.3299704746228933,0.9601748145905857,0,lstm,1741109970.8457427
-3.668900073168805,0.8338470816859881,0,lstm,1741109972.8584266
0.4401620515800669,0.8313647793949555,0,svm,1741109974.8791866
-283027.63729695894,0.7274139521335987,0,lstm,1741109976.8985124
-4.660581700765284,0.6597166913186938,0,svm,1741109978.917946
-0.6635140797128933,0.49308526702572103,0,svm,1741109980.9307203
0.7414405303529936,0.9231425910596026,0,lstm,1741109982.9503284
-1.102858383448201,0.8533055753021225,0,lstm,1741109984.9666257
-263687.5523546134,0.8100828729281768,0,lstm,1741109986.98212
-2.5968607693172223,0.7682947729220223,0,lstm,1741109988.99602
0.13991846335718838,0.9640795666459462,0,lstm,1741109991.0043895
0.606666116282981,0.5885000231085641,0.009083046587208488,lstm,1741109993.0152264
0.5515372122445563,0.7748455342858719,0.009083046587208488,lstm,1741109995.0274425
-582041.8839199728,0.6328810307017544,0,lstm,1741109997.0377052
-1.5694949573606944,0.7665620759837177,0,lstm,1741109999.0526934
-1.4038991315824978,0.4214830469539649,0,lstm,1741110001.0674403
-1.0833295172168838,0.6932645631067961,0,linear,1741110003.0874016
0.7578842739326258,0.8911050083783281,0,lstm,1741110005.100876
-7.1374785973474495,0.9134633206064425,0,lstm,1741110007.1121585
0.14623170087550622,0.7988331669707087,0,lstm,1741110009.1265116
-0.40440142602368334,0.7503775104444557,0,lstm,1741110011.1399436
0.7757555318866338,0.6230867715292351,0.07633438017869931,lstm,1741110013.1566463
-2.8598374915061626,0.8211607536706786,0,lstm,1741110015.1872272
-0.0039024924785475146,0.7794791032529579,0,lstm,1741110017.2112498
0.722184173547915,0.9520054176861237,0,lstm,1741110019.232642
0.6029662605944738,0.6865490504551073,0,lstm,1741110021.2535481
0.0064292248279003705,0.609646458510509,0,lstm,1741110023.2802093
-0.3950565972899195,0.9359489124732658,0,lstm,1741110025.3051188
-402650.3390750504,0.7336374146974226,0,lstm,1741110027.330144
0.6372319282014414,0.887837466510957,0,lstm,1741110029.351372
-2.908723802838743,0.9881865365249051,0,lstm,1741110031.366604
0.623285133436742,0.9179863219105439,0,lstm,1741110033.3796096
-278877.43587495136,0.9406604848532474,0,lstm,1741110035.3905725
-0.4151451821155181,0.35130156952665353,0,lstm,1741110037.4049423
0.17192517370826338,0.9054441515885454,0,lstm,1741110039.4184768
0.3479988691875032,0.7630314461945148,0,lstm,1741110041.4324944
0.005117501734306362,0.9403297981043656,0,lstm,1741110043.4464986
0.46660622229780924,0.9266527876510612,0,lstm,1741110045.4585013
0.8121287824638206,0.9064063761097659,0,lstm,1741110047.4713533
0.30734345743239616,0.41240573354014015,0,lstm,1741110049.4832833
0.7317414074872254,0.8950719470266141,0,lstm,1741110051.4958088
0.5255648628221115,0.7863679994704091,0,lstm,1741110053.5074039
-478324.68921856245,0.647746895814489,0,lstm,1741110055.5188727
-3.6119696680966804,0.9470764022402407,0,lstm,1741110057.5302377
0.6513465580128361,0.9480151590552387,0,lstm,1741110059.5431106
-0.6136867879986028,0.8690766242937853,0,lstm,1741110061.5554245
-263629.9543565378,0.9614489354023819,0,lstm,1741110063.5692182
-0.7308487547044009,0.9315654989467114,0,lstm,1741110065.5838947
-2.566916598878717,0.8146570520807376,0,lstm,1741110067.6004562
-0.5623163435651355,0.8546670720583764,0,lstm,1741110069.6161659
-344333.15012620576,0.8623533724340176,0,lstm,1741110071.6400447
-0.28944013644329203,0.8628315058013515,0,lstm,1741110073.6760767
-587758.2809012512,0.9446772366930918,0,lstm,1741110075.702666
-314184.13588273805,0.8105624258851432,0,lstm,1741110077.7286355
0.5991025502104813,0.8389902280130294,0,lstm,1741110079.752824
0.6144609004405408,0.8487625636789206,0,lstm,1741110081.7835128
-0.9673408327467136,0.733850246364983,0,lstm,1741110083.8120139
0.8780933248361902,0.6486827859978347,0.11470526941917769,linear,1741110085.8310492
0.7980843113224105,0.81775686323557,0,lstm,1741110087.859171
-0.11953102386632794,0.6754427664890441,0,lstm,1741110089.8821151
-1.6960818800447064,0.7470048463676843,0,lstm,1741110091.9077494
-0.5212122535480908,0.865665046398586,0,lstm,1741110093.930698
-3.857765248002263,0.7887983258068069,0,lstm,1741110095.9505131
-1.0216490226388517,0.9426806760782283,0,lstm,1741110097.9656155
-3.3941436659323507,0.8985632288298762,0,lstm,1741110099.978003
0.21775570841141215,0.7508600998279801,0,lstm,1741110101.9909425
-3.7838095657469726,0.5900350385423966,0,lstm,1741110104.005233
0.182163075471011,0.8299143864361256,0,lstm,1741110106.0178392
0.6620328442632806,0.7831273631144098,0,lstm,1741110108.0333967
0.6947962335973192,0.6013023794055546,0.04674692709588224,svm,1741110110.0524335
0.36798932667848105,0.9302422584089696,0,lstm,1741110112.0713172
-383858.1690845269,0.8360668121537687,0,lstm,1741110114.0833464
-0.9216595948667241,0.8573238772543319,0,lstm,1741110116.09702
-0.24054125111256597,0.9397971096171651,0,lstm,1741110118.1109478
0.5594979806019629,0.8929256030959528,0,lstm,1741110120.1244485
0.5491443691841367,0.8741808188288351,0,lstm,1741110122.1391187
-0.664725338796779,0.7735935802056341,0,lstm,1741110124.1537488
-0.41336393412308414,0.33487398493709764,0,lstm,1741110126.1661675
0.7504836160505578,0.9646603992097554,0,lstm,1741110128.1813526
0.2603605178949884,0.09790518316168423,0.0812276673666521,lstm,1741110152.6134102
0.11482194673016954,0.953242691178348,0.06201729514256285,lstm,1741110154.6262817
-1.7731256985872377,0.26725774883790954,0,svm,1741110156.6477714
0.3004044427444852,0.655290636127418,0,lstm,1741110158.6663723
-1.5351896816114778,0.6111088332731984,0,lstm,1741110160.698662
-0.6035857485402298,0.8616879896856094,0,lstm,1741110162.731495
-2.5785910193303496,0.6603760390025576,0,lstm,1741110164.757585
-1.26740927511664,0.7920262664165103,0,svm,1741110166.7759924
-3.620604609722923,0.7065100154083205,0,lstm,1741110168.819162
-0.03273895448221964,0.38024552279951807,0,lstm,1741110170.8615472
-0.6234963210196269,0.7299020124328311,0,lstm,1741110172.8888953
0.5059375660585064,0.7612986832666095,0,lstm,1741110174.9161918
-16.13470414078468,0.6786947396926409,0,svm,1741110176.934605
-2.3059163313194366,0.7975659707119037,0,lstm,1741110178.9613602
-2.6307102556319673,0.8580092261194623,0,lstm,1741110180.9849641
0.29722377804282885,0.862898188632105,0,lstm,1741110183.018525
-1.0525728903529226,0.34089638131801886,0,lstm,1741110185.05173
0.48724410595208234,0.6299036230590755,0,lstm,1741110187.0802732
0.002062878049348571,0.4113611714119076,0,lstm,1741110189.1015956
-0.02139573207272827,0.8629012367428913,0,lstm,1741110191.114951
-0.44702547609577925,0.8067910294920808,0,lstm,1741110193.1288118
-0.7926688193136584,0.7914511515011414,0,lstm,1741110195.1422231
-0.4780211320834231,0.9442215903320809,0,lstm,1741110197.153752
0.16257013974664225,0.8577410973559529,0,lstm,1741110199.16513
0.35170683059236063,0.4546401088194163,0,lstm,1741110201.1794295
-0.3747970288164393,0.3983428657059367,0,lstm,1741110203.1938143
-11.739156992380533,0.7422146168596325,0,lstm,1741110205.2120266
-1.6330249057798212,0.6746451519596702,0,lstm,1741110207.224229
-0.7326713949536687,0.7900101787147416,0,lstm,1741110209.2366817
-1.7502516162136486,0.7222939793804836,0,lstm,1741110211.248232
-99.71055493444291,0.7306152316783564,0,lstm,1741110213.2649338
-0.34097209691886454,0.5301129332894757,0,lstm,1741110215.277653
-1.5155161979283664,0.8809861130593352,0,lstm,1741110217.28826
0.21492924507223843,0.3570000563768751,0,lstm,1741110219.3007498
-0.042205717901997675,0.8289160884091493,0,lstm,1741110221.3241138
-1.2719018009337955,0.749247554552295,0,lstm,1741110223.348862
-0.33342320482243837,0.9139122382105713,0,lstm,1741110225.3887563
0.18030517596179219,0.7458358322883158,0,lstm,1741110227.419129
-3.048436949650231,0.7596344541602813,0,lstm,1741110229.4469023
-0.0041473779992891036,0.6850103624406404,0,lstm,1741110231.4878457
-2.5459502259156395,0.6619497202998209,0,lstm,1741110233.5337417
-4.108858401061187,0.9062558182833736,0,lstm,1741110235.5621612
0.06573375179512042,0.8626586451293885,0,lstm,1741110237.5991971
-2.304038222294393,0.7472238235383355,0,lstm,1741110239.6160011
-0.4728628447484615,0.7154503888652307,0,lstm,1741110241.6419892
0.643191664426886,0.8615589382123575,0,lstm,1741110243.6673317
-41.32599468421803,0.9258010837564534,0,lstm,1741110245.698852
-0.4742328484014291,0.6057440897701275,0,lstm,1741110247.7276115
-0.8437213494580653,0.8157636624854948,0,lstm,1741110249.7576702
-0.8798457099635153,0.9026599533739152,0,lstm,1741110251.779819
0.19727344524725865,0.9367516831945872,0,lstm,1741110253.8078258
-3.4315614788492894,0.5895022181219711,0,lstm,1741110255.8244922
-8.595251855921706,0.7283501675665611,0,lstm,1741110257.8371127
-1.715915755195161,0.35745303011220203,0,lstm,1741110259.8587883
-1.156153845706577,0.4475602701737074,0,lstm,1741110261.8731327
0.13121651745846652,0.7297902515488542,0,lstm,1741110263.887703
-1.574186085574933,0.9200641392011176,0,lstm,1741110265.9032567
-0.1375925463772738,0.6262726740784085,0,lstm,1741110267.9165878
0.13031017278916446,0.9054819860821564,0,lstm,1741110269.9285328
-1.0629268942298467,0.6056770548569346,0,lstm,1741110271.940357
-13.844118614990501,0.6342117856166256,0,lstm,1741110273.952907
-36.22013966134196,0.83824810628978,0,lstm,1741110275.9651186
-0.2612092783577298,0.8148508223893918,0,lstm,1741110277.9791198
-2.3534402212675185,0.7573665760662484,0,lstm,1741110279.9925823
-8.277606739826581,0.7680954381456038,0,lstm,1741110282.0043795
-2.41276584211734,0.7503134957344023,0,lstm,1741110284.0209653
-0.983541758458186,0.6962055954124569,0,lstm,1741110286.0388722
-0.9837101488254965,0.5714244507079398,0,lstm,1741110288.0630116
-1.5539313156484789,0.7570278626768072,0,lstm,1741110290.0805173
-5.350059491357978,0.8489183034443496,0,lstm,1741110292.107037
0.22706257187210244,0.9149571932180628,0,lstm,1741110294.1360555
0.49300894070388257,0.9624336392082411,0,lstm,1741110296.1694286
-24.21863264592181,0.7500219048453518,0,svm,1741110298.192912
-1.0740004671272385,0.5,0,lstm,1741110300.2355032
-0.639480594689168,0.8406158572264482,0,lstm,1741110302.2765758
-10.1812865943661,0.8257094413706942,0,lstm,1741110304.3132026
-4.361062099908884,0.8987828487434123,0,lstm,1741110306.3362906
-1.5776018550382376,0.9106623467471743,0,lstm,1741110308.3621018
-5.894181400026246,0.6988119191338508,0,linear,1741110310.3817086
0.08120499073582177,0.9040769670413412,0,lstm,1741110312.4119706
-0.14669898368082235,0.9517026009582478,0,lstm,1741110314.432402
-4.478829976507339,0.7924344970850365,0,lstm,1741110316.4555058
0.013242211090686129,0.7916497211247967,0,lstm,1741110318.4936883
-2.5253142268645155,0.8822519458434168,0,lstm,1741110320.535564
-14.811093871934325,0.8333308049394702,0,lstm,1741110322.566723
0.09823687740544373,0.8545951035781544,0,lstm,1741110324.5969977
-0.47784459251443656,0.9128750265976311,0,lstm,1741110326.630772
0.10318573786129881,0.9403136531365314,0,lstm,1741110328.6561415
0.38805244056398736,0.40717053024977096,0,lstm,1741110330.673546
0.3104471803603355,0.10057700475485068,0.10493508780274241,lstm,1741111010.1236084
-1.239553445090888,0.6931702288045406,0,lstm,1741111012.141198
0.007240219047403462,0.7652438332539088,0,lstm,1741111014.1584318
-12.954759783932852,0.7566301199834505,0,lstm,1741111016.1752279
0.2787233559190584,0.9081885856079405,0,lstm,1741111018.1931393
-1.616594606362053,0.7374819411610192,0,lstm,1741111020.220128
0.004835307903517494,0.8206000062533221,0,lstm,1741111022.2502124
-3.4144643860513755,0.6937492798709529,0,lstm,1741111024.2872193
0.00966233799567473,0.6493256096933966,0,lstm,1741111026.332129
-5.3481727281786595,0.9211871349195042,0,lstm,1741111028.3730295
-0.2279117052846451,0.5983477480417755,0,lstm,1741111030.4038544
-1.1007230132798353,0.2670882918970364,0,linear,1741111032.4247315
-79.76147926285526,0.7876107399916924,0,lstm,1741111034.4458485
-0.022623410698059843,0.668301379327362,0,lstm,1741111036.461194
-1.5179124595427913,0.8521037763901279,0,lstm,1741111038.4755647
-4.99208309035985,0.6736188357434186,0,lstm,1741111040.490388
-5.001795040420412,0.7147831924311397,0,lstm,1741111042.513482
-0.011569837825730955,0.7685823633603239,0,lstm,1741111044.5311565
0.4930070036043568,0.3628513140221496,0.06507784479110357,lstm,1741111046.5444987
-0.4949037506770029,0.4006964470622293,0.01727774592148748,lstm,1741111048.5645497
0.21675198125136164,0.35658395601297055,0.01727774592148748,lstm,1741111050.5801086
-0.4499894785907337,0.7174983664480531,0,lstm,1741111052.5922778
-16.766158462739025,0.7403593735855889,0,svm,1741111054.611803
-1.5988369608930144,0.6634458856272646,0,svm,1741111056.6248877
0.18853011519215712,0.622108127583722,0,lstm,1741111058.6435232
-0.23921480257320016,0.6633770589160015,0,lstm,1741111060.6576414
0.5888215448065122,0.7255743879472693,0,lstm,1741111062.6701586
-12.385030446309386,0.790286585199902,0,lstm,1741111064.6795015
-2.9573394032750504,0.7308586224570954,0,lstm,1741111066.710668
-3.097288395911784,0.5362014641831155,0,lstm,1741111068.7294488
-0.22823617262593077,0.5935562539715252,0,lstm,1741111070.756187
-68.82442854695144,0.7500424484251634,0,linear,1741111072.7756748
-0.553706630109926,0.8546904658829798,0,lstm,1741111074.7963696
-2.927163639733666,0.6996593489780469,0,svm,1741111076.8114645
-1.109700963463462,0.7497052829283888,0,lstm,1741111078.8463755
-0.0025516763129700415,0.6975996498788042,0,lstm,1741111080.8817785
-0.1593773615667946,0.7402774716528299,0,lstm,1741111082.9145458
-0.3667071896850771,0.5879238426971124,0,lstm,1741111084.9392035
-0.2872669585581187,0.7397719651240778,0,lstm,1741111086.9670222
-1.3232937659161377,0.7269770125144227,0,lstm,1741111089.0045903
-0.05641965639927671,0.7472521828454032,0,lstm,1741111091.0322082
-4.53134754924732,0.8301940806858887,0,lstm,1741111093.062842
-13.784592201674194,0.5626542174144772,0,lstm,1741111095.0891755
-3.437952793736943,0.9238807944516886,0,lstm,1741111097.1140423
-0.6749795591379979,0.7515966772416096,0,lstm,1741111099.131537
0.018652204739172173,0.6791471189702875,0,lstm,1741111101.1461706
-0.6722989535434467,0.7328884998918238,0,lstm,1741111103.1636143
-0.47537493103134754,0.7402016365251243,0,lstm,1741111105.1791203
-2.38164729070541,0.7146093617843938,0,lstm,1741111107.1916132
-0.6784307739868378,0.5559993602233402,0,lstm,1741111109.209075
-1.2880537635050207,0.8153055008902633,0,lstm,1741111111.2233515
-15.25027914754451,0.7867113504430187,0,lstm,1741111113.236698
-0.6124868976887627,0.4061764138197259,0,lstm,1741111115.2523375
-2.4496886962514974,0.8507493355982356,0,lstm,1741111117.2716343
-2.4950870831834475,0.6670881049903871,0,lstm,1741111119.2903545
-0.7196855307158914,0.8433583024949266,0,lstm,1741111121.3044782
0.2213938418526833,0.6645453914331335,0,lstm,1741111123.3226411
-5.208523589259338,0.5056001205877342,0,lstm,1741111125.344495
-5.26490663619124,0.4308009353299636,0,lstm,1741111127.3662539
-1.7618104883616006,0.5773616606684827,0,lstm,1741111129.3943725
-2.340649315613313,0.9013544944588863,0,lstm,1741111131.4224312
-4.110779297642884,0.886754741332951,0,lstm,1741111133.459179
-45.52581340741857,0.8774305112839474,0,lstm,1741111135.495946
-140.18616747608962,0.8326926712458252,0,lstm,1741111137.5336277
-0.6931002837945379,0.7206216030816316,0,lstm,1741111139.5704763
-5.196589691814874,0.8241093541626977,0,svm,1741111141.5900447
-10.049235620837077,0.8602941176470589,0,svm,1741111143.6018422
-6.474656549948353,0.5320243737305349,0,linear,1741111145.6213548
-0.4752627187453593,0.9111779710903264,0,lstm,1741111147.6641452
-3.1193822211740336,0.6835982594796199,0,lstm,1741111149.706818
-1.3766936616348056,0.5360093037574182,0,lstm,1741111151.7507474
0.41075743361795025,0.5888279212017631,0,lstm,1741111153.7855554
0.2699032803158903,0.750953086108573,0,lstm,1741111155.826165
-16.38514616607628,0.8347854910502889,0,lstm,1741111157.8583832
-1.0351683613259257,0.7582528996674507,0,lstm,1741111159.9038448
-0.20466155921639473,0.745858729105063,0,lstm,1741111161.9489596
-5.559133985444988,0.548334355201308,0,lstm,1741111163.9868486
-3.149419936343876,0.6214891412784898,0,lstm,1741111166.0153005
-7.460187318256139,0.8761567050970874,0,svm,1741111168.0350523
-15.577619038126823,0.6425331708637964,0,linear,1741111170.044998
-0.29942441273932885,0.6136112457586039,0,lstm,1741111172.0908167
-0.4892016373609154,0.7995038797415308,0,lstm,1741111174.129219
-6.133358110738306,0.8664214897315393,0,lstm,1741111176.1527374
-1.0040194533950584,0.720199599279718,0,lstm,1741111178.1884174
-0.3783979706140035,0.844741073408738,0,lstm,1741111180.2170045
-64.16160953556856,0.6864425270256868,0,lstm,1741111182.2510862
0.1565712190052736,0.6485287834599595,0,lstm,1741111184.277358
0.10481985268017002,0.5268517057659866,0,lstm,1741111186.3141139
-0.3009383142987525,0.8402926259261101,0,lstm,1741111188.3534496
-0.2518913359682893,0.6508376348050512,0,lstm,1741111190.3898814
-0.10561907275354843,0.8052900691038787,0,lstm,1741111192.4184747
-8.044101927158424,0.6442929346109297,0,lstm,1741111194.4454591
-0.8538421523643545,0.8271848695832901,0,lstm,1741111196.4803221
-0.7826096823510358,0.36667392182098063,0,lstm,1741111198.5178885
-4.201119378454189,0.7679632703324946,0,lstm,1741111200.5584986
-4.025087911373055,0.8727484446760692,0,lstm,1741111202.6052396
-2.0817643634156116,0.8070033955857385,0,linear,1741111204.6284015
-0.40964845885972023,0.7113143429350605,0,lstm,1741111206.668721
-0.5476421475811535,0.5787733333333334,0,lstm,1741111208.701823
-1.3304161055810946,0.6708242633911218,0,lstm,1741111210.73236
-2.072174692609264,0.6472024911973623,0,lstm,1741111212.7706637
-0.19394474886759938,0.9005529490616622,0,lstm,1741111214.805712
-0.6991216634787394,0.8111895623281393,0,lstm,1741111216.8419714
0.03958549633929498,0.423049214108096,0,lstm,1741111218.8794477
-0.5399242167670335,0.6507232154285958,0,lstm,1741111220.9203775
0.33759985614865107,0.7488396865251464,0,lstm,1741111222.9580095
-0.8676315504846337,0.8154650873593235,0,lstm,1741111224.9903243
-0.8284763618534492,0.37131908509286204,0,lstm,1741111227.0258493
-0.42075661260512054,0.9326686277192502,0,lstm,1741111229.0649512
-42.685946021027505,0.8390045263292107,0,lstm,1741111231.106301
-12.033158301509129,0.8368834080717489,0,linear,1741111233.129175
-0.18190054305911896,0.8430970973920731,0,lstm,1741111235.1668572
0.25210082583332316,0.7432363683798591,0,lstm,1741111237.2115533
-0.03341806745081044,0.3662238129903745,0,lstm,1741111239.257652
-2.2919900114518432,0.8137393191373932,0,lstm,1741111241.3003476
-0.16367729683835708,0.691950304128381,0,lstm,1741111243.3426957
-0.4359368490965152,0.7888464699488321,0,lstm,1741111245.383576
-0.9151516337135628,0.8770865467009425,0,lstm,1741111247.427591
-0.9368157975546847,0.5934784157287363,0,lstm,1741111249.4711375
-3.87338082210563,0.7844406383600202,0,lstm,1741111251.5026727
-13.077022316685937,0.703442265795207,0,linear,1741111253.5230849
-1.4951321230874046,0.647374235047999,0,lstm,1741111255.551872
-1.198338260260071,0.3357780195357003,0,lstm,1741111257.5906212
-5.050779657239175,0.7701067381182465,0,lstm,1741111259.6328647
-0.1718621656396233,0.6444827647350876,0,lstm,1741111261.6761508
0.3568769661572435,0.874988275021105,0,lstm,1741111263.7211428
0.6120489057869898,0.7367425269896382,0,lstm,1741111265.766736
-0.08376873310940613,0.8475524475524475,0,lstm,1741111267.8022916
-91.27705949020299,0.8809479380481433,0,lstm,1741111269.8338091
-0.4315853154258096,0.9139978938891814,0,lstm,1741111271.87515
-3.5239668839874394,0.910184750608013,0,lstm,1741111273.918512
-1.6172561621866444,0.89875149970006,0,lstm,1741111275.9571645
-2.9773017676886355,0.887349694114338,0,lstm,1741111277.9933844
-0.5316673263210638,0.8786222071767096,0,lstm,1741111280.014094
0.3274136217408683,0.6570654394738379,0,lstm,1741111282.04514
-1.6944891811908094,0.6308849147721008,0,lstm,1741111284.080529
-1.1305611285242096,0.8921957671957672,0,lstm,1741111286.119012
-1.1291063679582587,0.8783584431889516,0,lstm,1741111288.1599119
-6.850152696900494,0.7753561736770692,0,lstm,1741111290.1818402
0.1280105209476351,0.7499754733640733,0,linear,1741111292.2023785
-7.211962013799026,0.8273489831633577,0,lstm,1741111294.233014
-13.998190166545383,0.7629482071713147,0,lstm,1741111296.2612598
-1.034712629906033,0.7986660867043642,0,lstm,1741111298.297713
-1.1381924637932195,0.7910119742990654,0,lstm,1741111300.3387225
0.3318837140782098,0.7734966676764616,0,lstm,1741111302.3766148
-0.7498004267990728,0.7914251281425433,0,lstm,1741111304.406057
-1.1649609865132646,0.7293340404405128,0,lstm,1741111306.4417422
-0.2170194405057495,0.7186735588683251,0,lstm,1741111308.4753454
-0.45098318714220587,0.5298104795513265,0,lstm,1741111310.5168164
-1.0463656805104007,0.7571900047147572,0,lstm,1741111312.556678
-4.009192102185341,0.8039936697076895,0,lstm,1741111314.587208
-8.932095894357671,0.8300252557958814,0,lstm,1741111316.6279764
0.14743016873481551,0.7324285748554705,0,lstm,1741111318.670707
0.016778145895755325,0.7554763041661693,0,lstm,1741111320.7004561
-0.8972604286800274,0.8647456066303431,0,lstm,1741111322.7295237
0.06254270805034168,0.6292515743131536,0,lstm,1741111324.758243
-0.3132265722309311,0.8675930701781001,0,lstm,1741111326.7941744
-0.5880450172072944,0.6714929827903727,0,svm,1741111328.8131716
-3.6951476255336466,0.5664154565498365,0,lstm,1741111330.8530822
-3.5508722990880512,0.9000990067388458,0,lstm,1741111332.8901405
-0.782836854271417,0.3881708690163431,0,lstm,1741111334.9295747
-0.6943695416877205,0.7531930485762144,0,lstm,1741111336.9675155
-0.2056932418471218,0.8556524158397477,0,lstm,1741111338.9988637
-0.4877130039729827,0.9251130260056416,0,lstm,1741111341.0385513
-5.382048199766359,0.6898233615842914,0,lstm,1741111343.0756536
-5.816814413902515,0.7448523875055176,0,lstm,1741111345.1232846
-11.122890438524017,0.7688615133692482,0,lstm,1741111347.172304
-6.172498282942336,0.7696429986528251,0,lstm,1741111349.1996498
-185.57305746730327,0.6275932506330192,0,lstm,1741111351.2400718
0.24011381008225252,0.8445165386521308,0,lstm,1741111353.273696
-1.716651528133311,0.7905046658800815,0,lstm,1741111355.3080153
-2.8084149040118858,0.7934857273698672,0,lstm,1741111357.3473437
-1.4739690372994656,0.7273778112828245,0,lstm,1741111359.392528
-7.415517821159728,0.48133756986448206,0,linear,1741111361.4171264
0.27258504398300143,0.9182682840376512,0,lstm,1741111363.452849
-2.734901195195525,0.9610842424924081,0,lstm,1741111365.4759
-1.845508908458397,0.5398212659100421,0,lstm,1741111367.5038826
-3.675926634052712,0.5779998833864572,0,lstm,1741111369.527536
-0.6512098141387208,0.8087924518919994,0,lstm,1741111371.5583992
-0.23856874845290088,0.6544184085296066,0,svm,1741111373.580048
-0.4035093417537863,0.6821604119528751,0,svm,1741111375.5959535
-0.6399727412881393,0.5774799253791872,0,lstm,1741111377.6391096
-0.3097679364530026,0.6072593495172931,0,lstm,1741111379.6795673
-256.73765192301124,0.838343802028152,0,lstm,1741111381.7103312
0.21374836963707955,0.7581356789568345,0,lstm,1741111383.7436924
-0.2679674089401547,0.8053236956085248,0,lstm,1741111385.7598817
